0,1,2,3,4,5,6
22.738686,54.676064,13.046928,0.28,100.175285,2.2734623,96.75
26.67,79.38,17.03,0.22,100.49,2.81,90.94
26.91,67.45265,14.853494,35.765064,100.46,1.99,106.56
26.06,68.52345,15.443615,38.594692,100.39,3.9731479,161.27286
26.54,81.0,17.27,0.0,100.34,3.47,83.19
26.63,79.31,17.09,0.01,100.23,3.06,103.19
26.065884,72.31122,15.499777,40.03264,100.36182,4.1376143,98.5
25.99,81.31,16.78,0.0,100.25,3.5,112.88
26.44,71.20351,16.48,0.0,100.27,3.05,119.69
26.64477,71.552185,16.42,0.0,100.35,2.31,104.19
26.55,77.44,16.36,19.616854,100.15942,1.77,122.31
26.52,61.09645,14.976488,0.86,100.33149,1.75,120.52256
25.433151,64.153076,17.09,29.790636,100.22,1.6,149.96596
25.81,84.94,17.58,11.49,100.31,1.57,183.12
25.48,65.42316,17.82,33.920063,100.46,4.2728806,95.88
25.45,65.90192,17.82,31.99196,100.447334,4.337795,173.70735
26.27,82.25,15.852373,30.738098,100.51,4.3588133,176.01323
26.64,75.81,15.909805,29.87152,100.68,1.98,47.94
26.29,76.88,16.17,31.157246,100.62,2.53,73.0
26.09,80.19,16.72,28.851522,100.43884,4.1783814,104.62
25.9,77.62,15.87,19.711891,100.81,2.32,74.38
24.643747,66.38675,13.45232,0.01,100.81,2.9190512,78.06
26.51,70.81,14.3863945,38.1292,100.31306,2.23,145.68022
26.52,74.62,15.81,0.58,100.77,2.11,71.69
26.76,72.06496,15.262415,36.684692,100.36872,3.8812046,81.56
26.89,71.32375,15.251203,38.6761,100.7,2.69,145.88
25.24,71.35611,15.334164,39.326992,100.72,2.12,56.69
26.097784,69.13522,15.206228,42.424515,100.61,2.08,191.62
26.07,74.19,15.01,0.0,100.63,1.56,137.31
25.83,71.27193,15.75,42.231785,100.36902,1.77,162.26915
26.76,70.94,15.08,0.0,100.54,1.41,147.19
27.19,62.92695,15.93,26.212694,100.29483,2.9955425,127.06447
25.270306,86.62,15.841595,3.85,100.417206,3.1817162,301.69
25.2606,68.21476,15.851533,0.25,100.55,2.21,125.5
27.17,69.00203,16.11,35.83078,100.44,3.884211,162.59955
25.643934,75.06,15.985553,38.156815,100.44339,4.0875354,165.75197
25.455534,67.87221,16.405737,0.01,100.47068,3.6940968,196.5
25.8,67.34647,16.613216,29.60958,100.46,3.8355637,171.53366
25.93,67.12,12.88,24.866766,100.51034,3.5513358,130.12
26.88,67.86414,16.381857,0.0,100.464874,3.4844317,105.19
26.77,69.69,14.47,0.04,100.6,2.1,166.88
24.764711,62.41567,14.083923,0.0,100.2798,2.9108112,123.93614
25.97,66.748856,14.967064,34.3317,100.35427,3.3269947,45.19
25.713228,70.765884,11.17,0.0,100.98,3.7064242,67.75
26.37196,61.31,14.939653,0.0,100.33001,2.83,153.63821
26.9,71.81552,15.15108,45.288326,100.93,3.27,57.25
25.21,58.25,15.116762,47.22235,100.84,2.23,95.81
26.76,64.62,15.253821,45.538567,100.34793,4.39601,162.66698
28.23,64.12,15.208349,46.119,100.77,1.82,122.69
26.366524,64.5,15.314771,45.25799,100.61,4.561732,167.51741
23.045872,59.842285,15.26,0.07,100.47,3.07,125.81
28.9,67.75,15.87,29.603605,100.230995,3.1091416,125.56
24.992004,69.08765,14.994558,34.57171,100.55,3.84,163.70717
29.05,65.75,15.26,0.0,100.57,4.23,120.62
28.92,66.12,15.44,0.09,100.39758,4.39,116.62
29.62,61.25,15.749689,32.368893,100.40808,4.098705,92.38
29.03,63.94,15.38,1.05,100.47,2.34,85.19
26.156792,57.88,14.34,0.01,100.51,2.61,63.69
26.482075,55.06,13.67,0.1,100.44,2.48,84.81
29.99,56.75,15.392302,41.273712,100.350586,1.77,105.06
29.6,54.25,13.31,0.0,100.17203,1.85,102.69
28.9,60.449635,15.077913,0.0,100.3462,2.58,122.299065
24.937904,65.40377,15.39218,0.0,100.35,2.61,161.94
28.16,67.46814,14.22,36.88439,100.38,3.9050355,158.41425
28.41,66.31,15.01,0.0,100.36,3.09,140.69
25.539,60.38,15.526022,0.0,100.430885,4.2591,164.42477
27.99,62.81,13.31,32.907265,100.43824,4.19,120.81
25.261473,69.65469,13.06,0.0,100.4549,3.6259472,124.38
28.64,70.670166,16.100267,26.364077,100.44036,4.19,132.81
28.62,70.39449,16.264465,0.0,100.466095,3.88,158.43211
23.438673,62.94,14.22,0.0,100.51,3.4,150.06
29.62,60.69,13.797373,29.716513,100.21947,3.23,157.19
28.44,67.574234,14.557518,36.48626,100.51,3.31,156.31
25.909285,69.005424,15.192465,0.01,100.33645,3.504522,134.31
29.29,70.11277,16.54,0.04,100.359726,3.5796607,134.81
29.51,70.84921,15.628581,39.570824,100.36581,4.99,129.94
29.34,70.37423,15.361631,42.568523,100.58,5.48,132.69
29.37,67.62,15.482361,43.507816,100.35436,3.87,134.44
30.45,59.94,15.08,0.0,100.35466,3.7116728,128.44
30.14,71.5891,15.93,0.28,100.45,3.91,146.19
29.26,54.998863,15.69,17.805258,100.16977,4.16,91.73213
29.73,59.448452,14.100708,27.89997,100.41,5.19,131.69
30.02,61.822403,15.293871,0.0,100.421394,3.2988179,130.79797
29.64,63.430626,15.83869,30.290503,100.55,5.62,148.46964
25.118423,59.12,15.701944,34.916893,100.58,4.8,113.31
25.211155,68.123184,13.37,0.66,100.43789,3.8085406,110.75
30.79,70.38118,15.939194,25.918163,100.42083,4.07,109.25
26.025965,72.86363,14.89,31.593193,100.66,3.48,103.81
30.26,55.88,14.1,0.05,100.69,4.28,107.94
26.609074,73.20822,15.035005,0.37,100.61,3.92,117.94
28.24,70.31,16.48,1.9,100.59,2.89,103.12
25.072468,61.75,13.435924,2.41,100.21615,2.32,137.30501
29.44,65.0,14.672966,33.440445,100.31091,3.2406952,150.69
29.97,69.89545,15.587614,30.505749,100.39914,3.76,150.65399
28.17,69.25,16.24,25.752468,100.449974,3.77,109.25
27.59,77.94,17.52,14.17,100.37,3.5587573,105.69
28.51,73.69,17.33,0.06,100.39,5.19,117.44
29.73,67.12,16.54,0.02,100.38,5.17,123.12
30.06,66.94,16.97,0.57,100.33,4.95,130.31
30.54,67.12,15.579498,31.016886,100.26,4.58,144.38
31.29,63.75,16.78,0.0,100.2,3.41,157.94
24.830704,62.75,14.449329,0.0,100.30915,2.7715719,150.75
30.87,61.88,14.9488945,33.407486,100.49,4.96,130.56
30.85,55.0,13.67,32.430325,100.40065,5.38,120.25
25.432564,56.0,15.897379,30.254005,100.42898,4.83,115.75
30.9,59.62,15.5,0.0,100.39,5.34,132.5
31.26,58.31,15.56,0.0,100.42,3.91,146.69
25.999361,57.88,15.87,37.544353,100.37,3.33,161.32233
31.83,57.75,15.512659,38.00517,100.34,3.8,177.5
26.147661,59.69,15.2157545,42.100956,100.39031,4.273938,161.83101
23.222704,55.880753,16.54,19.609522,100.31,2.2052212,191.19
32.37,61.778606,14.132659,31.046495,100.29,2.61,206.12
30.51,64.476944,14.851849,0.16,100.39,2.89,159.06
30.05,66.06,17.09,39.625423,100.46,3.4,139.94
30.05,66.62,17.15,0.82,100.383385,3.18,146.44
31.62,68.68121,15.75,33.486244,100.38,4.101999,172.02773
26.017096,63.81,16.18255,1.69,100.433655,3.9388282,154.38
25.830013,68.65716,15.773771,1.59,100.44,4.19,125.5
25.839022,60.62,16.3,1.39,100.5,3.39,141.25
26.029747,70.48725,15.227062,46.382263,100.369446,3.26,156.35371
31.55,52.818222,12.711165,16.282932,100.16743,2.1027539,80.27592
23.905235,59.59752,17.58,25.124397,100.31763,2.6,117.313484
24.786871,59.94,16.72,33.591682,100.36701,1.84,139.45947
31.41,62.69,15.272175,34.51833,100.40969,2.7,162.38
30.5,66.81,17.46,3.49,100.53,2.49,169.31
25.65058,71.0,15.254511,41.408924,100.66,4.175702,111.31
30.37,63.5,15.3836975,38.979374,100.42,3.34,157.98254
30.59,63.25,16.42,38.75282,100.42699,3.65,159.27652
29.72,68.19,15.668093,33.217957,100.42729,3.52,131.38
25.531214,70.59342,15.595356,1.59,100.40595,4.09,153.50453
30.46,61.56,15.93,1.79,100.44,2.1359613,111.31
30.93,64.16059,13.856298,0.47,100.34,4.62,120.75
30.58,66.06,14.557873,0.81,100.26,3.3343933,130.06
28.28,67.63109,15.135417,42.31118,100.35189,2.61,122.0
29.1,76.44,18.92,44.66498,100.36355,2.58,147.38
26.52607,82.75,15.066946,48.47535,100.35298,2.5,148.18382
28.65,68.78168,14.987432,13.36,100.18,1.55,232.19
28.98,80.94,15.278862,49.41948,100.34178,2.1,202.44
28.52,70.216896,15.181698,50.027603,100.29,2.8,230.44
26.786144,69.86408,15.097149,50.81909,100.13,2.64,234.06
29.33,79.38,19.96,1.66,100.04,3.09,226.62
28.92,80.88,14.574459,27.74049,100.277985,2.9047112,221.31
25.81069,76.75,15.194708,33.08482,100.22,3.4559789,146.64395
29.73,69.44188,19.1,32.48621,100.38235,3.634732,231.81
26.339016,69.07152,18.62,34.367306,100.15,3.896319,169.32387
26.145103,68.84082,15.957211,38.913788,100.18,2.92,228.69
28.84,68.18465,16.204617,3.45,100.16,2.97,174.08876
26.670267,78.69,19.17,6.37,100.39516,2.5,173.95465
26.723457,83.31,19.47,4.43,100.27,2.04,251.56
26.681232,67.15413,19.35,38.56764,100.34,2.03,182.55199
23.534748,54.91679,12.52376,0.17,100.31,1.98,194.5
24.834335,76.12,19.04,31.971739,100.22738,2.7283838,121.121284
29.15,80.12,14.336863,38.919598,100.30576,3.91,135.7373
29.14,68.03889,14.986046,39.469627,100.36106,3.41,234.12
25.286087,68.79584,15.18042,40.4186,100.31,4.07,241.38
28.1,69.198364,18.92,35.758873,100.42944,3.862919,150.70079
25.061834,83.94,15.681549,34.436455,100.41,3.970367,155.79265
27.78,78.56,15.672131,34.908077,100.43,4.0814123,240.31
25.759916,76.75,15.389088,1.8,100.42521,4.261591,162.54495
29.67,71.5,17.88,40.557266,100.41917,4.338394,164.52014
28.4,79.25,12.370986,19.269133,100.34,2.2379594,96.78205
28.22,77.69,14.248491,4.47,100.33495,3.94,122.315
24.910978,63.59364,14.91898,1.39,100.28,2.65,251.44
25.117188,68.5,17.21,0.12,100.31,3.36,248.5
25.080397,67.710884,15.5279045,1.0,100.43144,3.7214632,235.69
29.67,68.914185,17.52,31.927973,100.44989,3.6529946,146.06186
25.028606,68.93938,15.839121,0.52,100.4537,2.47,151.62494
28.25,82.31,15.892678,29.135885,100.46536,2.66,156.32352
28.6,68.09266,16.131472,23.427097,100.46971,3.37,220.5
29.17,67.646225,18.07,21.59176,100.47335,3.64,161.04802
28.36,77.5,13.14989,19.60624,100.16908,4.37,242.0
25.173185,60.32182,14.280039,31.1584,100.22,3.01,250.75
25.578283,91.62,14.511375,39.49828,100.32961,3.28,133.15898
26.94,83.44,14.978681,42.711678,100.3499,3.09,259.69
26.56,68.47499,15.323753,4.98,100.36197,3.06,248.25
27.11,81.56,15.191968,45.131454,100.23,3.9269881,248.25
26.238716,68.41131,18.8,1.45,100.29,4.0981236,239.31
26.230345,68.286995,15.0711775,1.66,100.29,2.59,212.19
26.311686,87.56,19.71,18.92,100.34,2.89,189.0
26.310078,70.90044,19.23,46.950882,100.35315,4.2744884,198.25
27.51,84.81,12.502371,19.928116,100.28,2.41,209.31
27.68,82.94,14.198078,27.019844,100.2695,2.63,229.94
28.2,67.38534,15.188185,27.817608,100.34555,2.73,248.44
27.9,81.69,19.04,0.16,100.27,3.7281544,249.38
27.88,79.12,18.25,1.49,100.400345,3.8223414,249.44
26.233555,68.73506,16.009098,4.47,100.39,2.66,176.20862
26.58,67.878075,15.78274,4.28,100.44,4.205148,241.19
27.52,81.31,15.805508,33.60632,100.43759,4.087828,242.88
27.92,69.28704,18.49,29.723866,100.44787,2.55,164.64517
27.76,82.12,16.310717,8.46,100.47731,2.27,252.5
27.44,85.44,19.47,5.83,100.33,1.9326432,239.62
26.56,87.69,19.04,7.1,100.3,2.84,243.38
26.8,84.19,18.37,2.68,100.39,3.35,237.06
26.61,63.46427,15.132233,34.1778,100.44649,3.62,134.36855
24.57206,88.12,15.345915,32.46089,100.33,4.42,146.04735
26.25,87.25,18.55,11.18,100.18,5.36,250.56
24.829556,87.5,15.629245,24.462025,100.45057,5.35,243.94
24.754599,66.71065,15.560827,26.218403,100.27,4.07,224.81
24.834976,67.22389,18.01,27.751413,100.44918,2.91,161.09181
25.51,67.25978,15.470974,31.08613,100.35,2.62,246.0
26.05,87.31,13.257514,19.976519,100.17132,4.09,256.5
25.8,60.77287,15.037212,29.78181,100.32353,3.4,237.69
25.837162,86.38,18.68,37.786213,100.35441,3.32,135.99796
26.8,85.31,15.592184,36.18401,100.39838,3.5253525,253.5
26.31,90.81,15.681238,12.83,100.11,3.7857218,151.68307
25.55,90.88,15.531393,36.856663,100.05,5.8,235.69
26.48,66.86685,19.04,40.324677,100.04,4.094914,229.94
26.23,68.21823,15.594723,40.66067,100.398186,4.15,234.81
26.009491,69.61122,15.79965,0.14,100.401985,3.8860106,150.05779
27.38,85.94,19.47,0.07,100.410194,4.52,242.5
23.462023,85.19,19.53,2.25,100.110695,2.0821683,97.584305
24.473644,62.760384,14.328581,23.81,100.277885,2.8614168,237.62
27.59,88.0,20.26,1.73,100.28,4.26,233.62
27.54,67.23714,15.352133,33.805832,100.39265,4.28,235.25
27.4,67.1333,15.373299,2.58,100.11,4.4,233.62
25.266846,90.12,15.5586815,36.318974,100.43602,4.3,225.06
26.41,67.773254,19.47,33.4254,100.45454,3.9987986,158.14098
27.22,87.12,19.59,34.760635,100.32,2.34,201.94
27.44,87.38,15.704573,35.12315,100.46516,2.18,163.50336
25.249157,66.2249,15.983717,0.14,100.4688,3.8597097,235.38
27.08,57.438007,12.113865,19.752783,100.42,2.82,111.730835
26.83,89.56,19.71,0.14,100.34,3.302868,233.38
27.08,88.62,19.84,0.31,100.3,2.42,241.88
27.23,87.62,19.71,1.25,100.40998,3.7784708,232.5
27.52,86.94,15.458939,25.082155,100.414795,3.6697538,218.88
25.129604,68.17892,15.388687,28.876997,100.4,3.821098,222.44
26.69,90.31,19.78,24.75,100.33,3.12,232.31
25.094294,88.62,19.1,37.167828,100.22,4.148608,237.56
25.211193,68.111465,18.68,38.342953,100.411354,3.01,161.10371
25.23,68.30188,15.177235,40.589413,100.26,3.98,269.19
23.612392,55.27706,18.55,19.945656,100.26,2.54,248.62
25.157873,60.67971,14.064593,32.31681,100.23,2.76,257.62
26.9,87.5,19.35,0.6,100.11,2.91,258.0
26.183647,89.75,19.53,4.76,100.1,3.7223444,144.74573
26.02458,92.25,15.163308,6.79,100.18,4.078885,151.41257
26.9,87.0,15.670374,2.96,100.42255,4.1292744,153.67741
26.48,91.94,19.96,40.989746,100.45461,3.81228,245.69
25.86,91.38,19.1,9.31,100.0,3.55,251.94
26.16,88.12,18.68,2.65,100.428276,3.7678123,221.62
25.724834,69.24626,15.579416,40.89,100.24,3.8736982,209.38
23.331907,57.329056,12.913153,0.38,100.27,2.6320806,110.51281
26.9,86.5,14.496193,30.692698,100.32,1.88,219.62
26.152016,64.00302,15.5283375,35.28512,100.37,2.22,162.21234
26.48198,64.556496,19.47,36.99386,100.36,4.241102,178.21855
26.359606,63.661964,19.29,34.698647,100.45581,4.193485,257.0
27.78,85.19,19.71,32.97663,100.474976,2.72,240.69
25.876064,63.417088,15.941801,39.00105,100.3,2.74,223.75
25.653948,85.0,15.395036,45.063835,100.43827,4.3717217,164.53624
27.6,66.4041,19.96,0.72,100.33,2.0,228.62
27.69,67.265175,15.14176,49.715046,100.36,1.9,214.0
23.327875,56.48661,19.71,0.12,100.36,1.36,191.06
27.73,63.19069,19.53,0.97,100.25937,3.0275233,152.88
25.644543,67.99717,14.733126,1.06,100.37,1.63,150.75
27.29,69.374695,19.59,37.02379,100.35843,3.0,164.05559
27.39,67.10974,15.392063,39.39809,100.41,4.151873,251.06
25.9873,81.88,19.35,8.69,100.39218,4.353813,164.70076
25.86118,68.35664,19.84,2.22,100.03,4.5180855,170.52737
25.382763,67.94005,19.96,43.59583,100.09,4.02,211.56
24.987871,68.724625,19.96,38.063602,100.44628,4.2473016,190.5
24.80638,69.19898,19.29,34.205013,100.446785,4.1501703,155.94174
23.151686,55.04175,12.707115,19.323933,100.45,2.74,310.75
24.437366,62.087055,14.019931,2.97,100.24484,2.8870077,124.44935
26.77,65.22945,14.781034,2.14,100.27,2.14,207.5
26.9,87.88,15.19388,42.873962,100.15,3.796428,149.1213
26.3,68.89333,15.996053,38.714348,100.43848,2.05,211.62
26.52,68.759094,16.273851,6.48,100.482124,3.11,154.59853
26.31,89.75,19.17,6.02,100.25,3.27,224.81
26.62,66.355896,16.272003,33.250126,100.25,4.0153065,166.13182
26.58,65.41312,16.45698,33.715885,100.34,4.177332,173.55858
27.13,87.81,19.65,0.56,100.32,2.41,260.19
23.479412,88.62,12.314152,19.81052,100.1043,2.03,96.7993
27.38,62.06421,13.819226,32.40342,100.35,2.14,202.56
26.91,89.38,14.539124,6.03,100.47,2.04,201.12
26.84,65.19924,14.859476,45.552715,100.39,2.49,219.0
26.11,91.31,19.35,46.303436,100.3863,3.8138254,221.81
25.666868,67.94302,15.360535,47.87626,100.38,1.83,197.25
25.70361,69.37584,15.1463995,50.527225,100.43,1.91,163.06
25.77039,82.62,19.17,1.66,100.37,1.35,257.94
26.61,89.12,15.192417,2.01,100.3956,4.3547177,146.42523
26.29,89.44,19.17,0.66,100.25,1.84,197.56
27.84,81.81,19.04,4.02,100.15,1.98,123.62
25.088259,64.946434,14.309708,14.39,100.02,3.2194412,147.16006
27.67,83.81,15.168068,0.07,100.0,2.67,158.44
26.98,88.56,19.78,4.48,100.17,1.66,200.0
27.47,85.62,15.505373,40.94533,100.40708,4.0379767,161.47623
26.58,92.69,20.26,34.19,100.06,2.75,280.94
25.983278,68.25898,15.8010025,22.24,100.407524,2.49,242.56
26.02,92.75,19.59,31.193855,100.408714,3.5721438,246.06
25.860687,69.51936,15.704087,34.937805,100.19,3.26,259.12
25.86,70.26373,15.81776,36.44582,100.41487,2.54,276.38
23.357092,55.345448,13.285336,20.04,100.169945,2.2455335,284.88
24.61294,60.608128,19.47,5.15,100.3,2.44,291.44
26.63,63.27986,14.844986,7.34,100.347626,3.3955553,193.56
26.07,92.62,15.167793,43.881584,100.37824,1.85,251.88
25.800138,90.88,19.59,11.64,100.43,2.88,160.31
25.77,68.602974,15.406769,44.79,100.41585,3.32,148.48894
25.030117,86.12,16.092892,2.61,100.470795,1.62,147.62
24.787806,86.25,16.073473,43.33488,100.67,3.9639266,147.96376
26.8,70.24058,16.131731,41.81261,100.47535,2.09,161.12
26.35,85.25,18.19,39.751694,100.46835,3.555583,243.19
23.454947,56.11199,17.46,0.69,100.44,0.98,194.81
24.914825,63.61197,14.048307,31.06805,100.23169,1.82,126.77479
25.485655,67.71424,16.85,34.78599,100.30307,2.34,86.06
25.64,85.62,17.52,3.5,100.35092,3.3578744,152.38
25.71,91.94,19.04,35.94574,100.38034,2.23,151.56
26.72,86.0,18.86,8.41,100.2,1.62,75.94
25.900265,79.5,16.6,37.250385,100.36743,3.5602498,157.62
24.55,91.69,17.76,13.75,100.0,4.27,246.0
26.054144,73.141205,15.68218,35.01665,100.373985,3.54785,124.5
27.16,84.94,19.04,32.249077,100.38297,3.414214,145.44
26.58,88.94,12.869575,0.91,100.31,1.71,183.94
25.26998,63.667686,13.999978,32.254654,100.27,2.66,123.44
26.51,84.5,18.13,0.92,100.28,2.01,127.56
26.8,86.12,14.907561,45.031013,100.319916,2.16,149.23839
26.232899,69.323074,15.465019,46.17875,100.35,1.4,161.72063
26.34203,67.41316,15.748248,0.1,100.39573,4.3431425,169.3653
26.04,65.2737,15.565128,47.8615,100.28,1.61,130.31
26.070894,87.44,15.629947,1.08,100.416466,4.515328,123.5
26.040253,87.81,19.1,50.39103,100.37,2.75,164.08183
26.81,66.253395,15.622626,48.379704,100.39519,2.85,113.12
27.33,87.19,19.78,0.11,100.15464,2.1300476,201.12
27.78,85.56,19.96,2.02,100.3075,2.8650386,196.94
26.38,62.10529,14.562492,33.124546,100.17,2.48,240.5
25.35984,63.94693,18.49,37.953934,100.39836,4.0,151.45204
26.63,87.06,15.258529,37.52471,100.39148,2.45,112.0
26.128403,66.811386,19.35,37.82394,100.25,1.87,175.80661
27.26,69.35039,15.849912,1.07,100.40905,1.74,155.94
26.97,70.17207,19.35,1.0,100.43121,2.31,169.22652
25.243559,70.901535,15.741615,0.66,100.48,1.75,181.62
25.15745,72.3713,15.546272,33.87272,100.45,2.59,82.25
27.12,57.515987,12.446337,20.272974,100.26,2.6422677,114.90028
25.98,87.81,13.879184,31.150782,100.31,3.5876167,73.94
25.55,90.0,18.43,36.648487,100.368774,4.0752873,83.0
26.33,84.25,17.88,1.01,100.29,1.98,96.62
26.84,68.59838,15.618031,38.52786,100.39539,1.62,174.52461
25.946316,70.13876,15.57313,1.38,100.31,2.52,69.75
26.76,87.12,19.1,45.69226,100.35,1.83,139.12
26.041267,89.12,19.59,49.19969,100.38611,2.02,160.51761
25.89545,69.748085,15.6430235,48.634144,100.42,1.29,165.27696
25.612825,80.88,17.46,37.630203,100.44385,1.13,176.44
27.56,79.5,12.2844515,0.0,100.46,0.85,132.06
26.44,67.18032,14.024113,30.12757,100.23138,1.55,61.44
25.730019,69.54552,15.037335,0.03,100.65,3.689962,164.80896
24.01,78.62,15.593786,34.80035,100.3738,1.64,137.06
24.82,81.31,15.62,0.0,100.66,1.95,132.12
25.37,84.06,15.298399,42.93385,100.66,1.51,214.31
26.01,84.44,17.52,38.500126,100.36985,1.73,204.06
26.128487,69.04441,15.390551,0.39,100.55,1.42,233.62
26.68,82.56,17.82,2.23,100.39919,1.14,191.38
26.54,78.62,16.78,0.0,100.64,1.77,54.75
24.55,73.19,13.85,0.0,100.13127,2.029366,25.75
21.96,72.19,13.803634,31.021355,100.84,3.96,141.0
21.46,72.5,14.36466,0.01,100.84,3.62,96.12
19.9,71.06012,14.800978,0.23,100.95,4.8,179.75
22.48,72.30829,12.94,36.827015,100.362404,4.83,149.44
24.89,72.39002,15.389687,37.705196,100.48,3.7898371,185.56
26.69,73.11735,15.618429,0.0,100.39094,3.6673346,146.06
25.647476,77.38,15.26,36.56317,100.39409,3.5212743,125.81
25.81758,74.988495,14.47,40.430565,100.18,3.7390292,172.75
24.92,84.81,15.174042,44.107,100.39,4.5,96.19
23.163345,83.81,17.33,1.73,100.112045,2.81,91.36283
24.496017,64.41522,18.19,31.795076,100.25181,2.16,136.68776
26.99,81.25,17.82,0.07,100.51,2.16,128.62
26.76,70.07972,14.6517105,38.442074,100.364365,2.35,159.94337
24.97,73.62,15.480256,33.5232,100.42138,3.7648299,102.12
24.98,69.649185,13.61,0.0,100.41,1.91,110.94
25.604296,69.191475,14.16,0.0,100.41748,4.0261374,82.31
26.55,76.56,15.811872,33.304867,100.43288,3.933248,157.75
25.695919,78.0,15.48577,38.122543,100.41547,2.1,162.74118
26.9,81.81,17.82,0.03,100.28,2.85,140.88
26.49,80.56,13.369408,0.0,100.161804,2.2749848,128.56
25.429373,82.0,14.343194,32.191967,100.46,3.84,129.75
26.040657,67.248055,17.15,0.04,100.48,3.7135477,157.68538
26.292946,70.36924,17.21,0.0,100.54,2.59,123.38
27.54,69.5,15.478964,44.25455,100.364685,4.2209187,42.81
26.384693,69.974815,13.73,0.0,100.65,4.357635,172.23944
24.76,69.68459,15.879074,0.0,100.69,2.3,40.75
24.83,66.44,12.57,33.67528,100.44066,4.0663867,154.12
25.631216,71.56,16.407408,0.0,100.46011,3.640142,221.88
25.566679,68.58902,15.991822,31.594082,100.47,1.34,203.31
22.791946,54.696632,15.99,17.63285,100.169266,1.41,207.31
27.05,61.477165,14.683048,0.0,100.32118,2.8918715,180.75
24.760544,65.12762,15.75,0.32,100.33,1.65,213.5
25.050718,81.88,15.530212,10.44,100.40634,3.57389,175.81
26.9,68.896194,15.803295,36.66489,100.34,2.48,157.14189
25.911572,78.0,15.653179,1.78,100.26,4.010694,217.44
26.9,80.56,15.549588,1.83,100.23,0.98,188.94
27.63,77.88,17.58,41.626167,100.2,1.6,139.25
27.69,73.38,16.54,0.1,100.17,1.91,125.06
27.58,70.1165,15.078718,46.898117,100.15,1.89,149.19
28.06,71.0,13.1563,19.588688,100.154785,2.2329283,89.10317
28.31,70.62,16.3,28.9005,100.305626,1.55,103.19
26.061958,63.67311,17.15,33.833355,100.29,1.75,149.98274
26.297117,74.56,16.059578,36.62841,100.39,3.9594011,163.5684
27.98,73.38,16.66,0.0,100.44,1.67,203.0
28.28,71.0,16.48,0.07,100.52,4.290894,137.0
26.95804,68.088005,15.926548,41.72779,100.54,4.405662,177.54193
27.96,65.69,15.934353,41.414772,100.64,4.4550633,176.82759
26.39416,58.31,15.663134,0.0,100.39993,2.43,173.85788
25.54,66.31375,15.422006,0.0,100.8,2.13,194.38
23.36338,57.097725,13.013603,20.504417,100.89,1.7,109.791084
23.87,61.904644,14.625189,32.552303,100.86,1.6,140.19
25.498856,64.94,11.35,0.0,100.35816,3.775307,148.30687
25.900404,65.0,14.98819,0.0,100.35938,4.1091285,152.60242
26.157711,70.36502,15.044319,49.751648,100.63,2.32,171.38
26.197622,71.12378,15.468449,0.0,100.7,2.35,165.77939
26.81,70.32124,15.829763,46.66765,100.75,1.94,174.22772
27.51,69.65988,12.45,0.0,100.86,2.31,45.94
27.11,56.31,11.78,0.0,100.9,1.77,150.06
27.41,61.69,12.94,0.0,100.88,2.28,246.62
23.207617,64.88,13.182278,18.376259,100.16522,2.2665124,201.19
28.15,60.62926,14.837021,24.554686,100.332214,2.79,121.92833
28.33,63.14691,14.89,0.0,100.47,2.77,148.62
28.49,64.15289,15.846049,28.991493,100.45321,3.57,147.74762
28.88,62.5,14.47,0.02,100.46,3.9669092,115.94
28.76,67.55649,16.013977,0.03,100.44683,3.9873047,165.19049
25.776592,69.19097,15.797211,0.07,100.31,4.157812,123.25
25.791788,69.19322,14.71,36.451466,100.29,4.31175,175.9553
30.07,69.24507,13.79,0.0,100.45318,4.1825824,174.23175
29.62,53.81,12.39,0.0,100.479065,3.53,113.06
29.84,56.73413,12.5827875,20.16379,100.5,2.66,108.3373
30.27,62.30768,12.02,26.332987,100.362404,3.244312,136.241
24.536217,64.89934,13.37,0.0,100.44183,3.2692318,177.25
30.36,67.473434,15.883472,0.0,100.429565,3.316933,93.5
30.08,69.533226,15.38,26.712177,100.40807,3.3828797,127.06
29.12,71.12898,15.816595,29.624353,100.39242,3.55,131.5
29.29,66.38,16.11,0.02,100.29,4.26,139.31
30.19,60.56,15.01,32.770477,100.35114,3.5931635,141.56
30.03,63.75,15.99,0.0,100.38,4.59,134.0
30.03,74.6729,15.476781,34.342716,100.32845,4.45,128.56
30.49,56.31,13.73,19.522354,100.37,4.41,119.94
30.67,51.88,13.615071,28.885698,100.28482,2.7576678,124.61858
31.2,64.93909,12.15,29.115036,100.38949,3.1384952,134.96628
30.39,47.75,12.33,0.0,100.53,2.38,73.5
24.686134,68.565445,11.29,0.0,100.433716,3.11,156.45921
24.788807,49.12,12.33,29.781353,100.52,3.96789,163.6088
25.010986,53.56,15.668497,34.03787,100.45141,4.1593146,166.52298
25.080824,69.30735,15.505104,0.0,100.42,4.2,133.69
29.48,63.06,15.498938,37.813614,100.48,4.92,144.88
28.63,68.62,15.442051,5.8,100.51,3.93,124.69
29.69,62.69,15.08,19.89224,100.47,5.17,121.38
30.35,66.05963,14.16,31.129019,100.53,3.2970152,152.23517
30.56,58.31,15.273235,29.36978,100.39926,4.27,135.81
30.35,67.077446,15.730347,27.412588,100.45625,4.32,160.22615
24.7957,67.170715,14.65,0.38,100.48356,3.4828203,123.81
29.76,66.438446,16.16651,2.28,100.29,3.7759101,166.87796
24.891703,64.74265,13.12,1.15,100.49277,4.097645,173.4423
25.422743,51.19,15.802202,0.0,100.44526,3.28,176.5098
25.59413,65.05011,13.31,0.01,100.62,4.4729815,182.18213
25.635002,52.0,15.766238,40.40181,100.59,4.587066,136.44
30.04,55.5,12.984889,19.098007,100.153984,2.8,86.701294
29.8,61.992893,14.59,28.83421,100.44,3.2361639,133.39256
29.54,59.5,14.77,0.0,100.41379,3.4769258,146.06
29.28,62.0,15.14,21.992311,100.44811,3.49,124.44
30.23,66.22856,15.851332,0.02,100.36,2.11,139.31
30.62,65.86864,15.638475,0.12,100.34,2.46,148.88
25.416105,52.56,12.7,32.72928,100.4,4.1600494,169.10228
30.02,68.2723,13.79,27.862501,100.43529,3.9662087,168.25
29.95,68.82313,15.633806,0.0,100.33,4.53,133.12
30.15,58.62,14.83,0.0,100.28,4.6,132.69
30.25,56.56256,12.668662,0.01,100.33,2.588742,107.32529
31.71,51.12,14.5064125,0.06,100.37963,4.34,131.18947
31.62,62.09749,12.82,0.09,100.448685,3.5557492,143.25099
25.368156,47.94,12.63,0.0,100.45527,4.73,152.553
31.76,52.81,14.47,0.02,100.35,4.08,112.81
32.1,56.88,15.81,0.0,100.27,4.41,127.0
31.9,55.69,15.673982,34.203728,100.45407,5.16,163.38187
31.7,59.06,15.93,0.0,100.457115,5.09,131.38
25.204939,68.93544,15.635921,33.927834,100.22,4.97,131.19
25.26094,69.91615,15.390667,39.515903,100.24,4.04,121.38
23.297047,52.12,12.352821,0.01,100.3,2.424268,104.90605
33.06,63.345932,14.005762,28.973667,100.4,2.54,133.81
25.359396,65.80641,15.32,33.62349,100.43,3.7,160.19896
25.73322,66.30941,15.637463,0.02,100.32,3.34,177.2067
25.964287,65.431145,15.967569,0.0,100.437645,4.4771357,186.0263
26.08199,67.33428,15.837944,0.05,100.33,4.667584,134.5
31.07,61.5,16.54,0.03,100.3,4.71,132.0
26.290752,67.64255,16.54,37.835762,100.21,4.7756233,193.01253
26.081667,68.13744,15.87,2.12,100.41678,2.59,192.01236
32.58,53.12,15.26,0.16,100.22,4.5428886,129.62
32.27,54.12,12.716405,0.26,100.33,3.19,129.25
24.932087,64.79811,13.922001,31.442802,100.4,4.43,120.56
32.15,53.69,14.948149,36.874313,100.31669,3.5330498,120.62
25.938524,70.9415,15.138889,42.050827,100.42,4.55,135.94
30.55,63.56,16.3,41.908405,100.36009,3.9677417,139.31
31.31,60.94,16.42,39.988503,100.383385,3.8810017,126.5
30.99,60.12,16.11,0.01,100.49,2.24,157.5
31.04,60.12,15.857582,32.84878,100.38287,3.9307191,113.25
29.71,70.94616,15.976008,29.702564,100.38246,3.94,119.0
26.986315,69.71629,16.121857,0.99,100.58,4.008561,177.1336
23.038582,57.21897,17.4,1.2,100.57,2.46,164.5
24.503557,62.38,13.497539,0.94,100.22033,2.57,133.50334
30.75,65.38,17.58,1.74,100.29,2.88,222.5
29.71,68.21244,14.889187,5.44,100.41,2.46,218.25
29.25,69.38364,15.72297,1.47,100.40443,3.7229984,150.63211
30.65,70.12207,16.052435,0.02,100.42237,3.29,135.75
30.66,69.46133,17.03,32.42334,100.37,3.36,165.10304
26.057838,69.31,17.76,26.633974,100.43524,3.612294,135.25
31.04,63.12,15.962956,30.82322,100.32,2.98,129.81
29.64,68.662315,15.973829,4.84,100.24,2.81,176.97307
30.33,68.31,17.58,4.77,100.15262,2.2099204,137.5
24.535625,62.421425,14.930513,13.14,100.30258,2.38,154.94
25.137444,65.418686,17.03,0.14,100.12,1.09,198.56
30.45,67.5,17.88,36.627594,100.3755,3.461269,207.31
29.68,71.62,18.13,2.7,100.16,1.55,150.31
26.301146,71.19,17.88,6.0,100.2,2.42,138.69
28.06,80.38,18.98,46.646545,100.35,1.62,106.81
29.82,68.19,15.261717,43.799427,100.33923,4.2716,105.88
28.95,70.04165,18.8,41.647335,100.35586,4.123431,128.44
29.26,74.12,18.31,1.25,100.21,1.57,160.25
23.148962,59.14245,12.067484,19.670856,100.28,2.13,144.06
25.088903,75.44,19.04,31.758045,100.34,3.1634455,147.27338
26.02258,82.5,14.722675,7.52,100.32074,3.634544,161.75
27.62,85.25,19.59,11.29,100.4,1.97,140.25
29.08,69.82376,18.62,36.33047,100.35194,4.1063657,120.75
26.452667,69.58742,19.17,2.46,100.37,1.55,203.38
26.397339,68.83811,15.861871,8.09,100.41,4.3329477,177.00175
26.155827,69.3113,15.577316,79.03,100.25,3.45,261.0
26.17,88.19,18.68,7.62,100.11,3.77,278.62
26.070133,68.52424,15.259256,47.81384,100.14,3.27,267.5
27.35,55.351902,12.75593,8.24,100.28,3.39,259.44
24.850533,83.69,13.790362,32.10931,100.23684,2.7766886,122.33309
25.738266,64.19443,14.484524,40.531105,100.26,4.48,270.12
26.69,85.88,18.68,46.147724,100.23,4.84,272.0
26.205044,84.5,14.776669,6.72,100.34726,4.0238748,147.73529
26.007273,86.31,19.23,8.6,100.4,3.52,256.75
26.26,68.567406,15.385107,5.66,100.52,3.19,158.41487
25.766584,68.25363,15.433176,5.21,100.54,2.73,284.75
27.33,81.31,18.31,0.61,100.40761,4.201108,229.62
25.693743,81.0,18.62,0.04,100.41094,3.9264054,276.0
23.304153,54.391537,12.367534,19.560804,100.21,1.8906553,271.81
24.75822,61.703648,18.86,19.87,100.24835,4.85,119.88295
25.660522,91.12,14.092359,40.574337,100.30156,3.268978,140.95549
25.860554,65.44353,14.432503,22.74,100.1,4.22,215.94
26.73,64.54673,14.813601,51.03375,100.27,4.13,223.0
26.233139,64.09001,19.96,3.67,100.38,3.31,211.25
26.89,90.88,20.08,55.787437,100.377365,4.4055777,151.40027
27.05,65.343765,15.184469,56.226025,100.31,2.97,239.81
25.999815,66.5213,19.71,17.78,100.28,2.01,241.44
25.924154,67.30212,15.273994,4.62,100.29,2.77,241.31
23.732096,86.06,18.8,2.03,100.0936,2.2022655,103.69659
26.59,87.25,14.284537,30.562943,100.242165,2.984655,235.44
26.53,85.56,18.37,3.58,100.44,1.73,225.56
27.007612,84.19,14.957466,41.984695,100.30818,3.8646176,156.66725
27.15,70.25589,15.353729,38.692158,100.33139,2.29,240.5
26.738907,70.25672,15.738106,38.326942,100.19,3.13,172.81262
26.342514,90.38,16.122211,29.391518,100.41346,3.865383,237.0
25.899263,69.977066,15.843483,31.334696,100.3,3.75,235.38
26.7,69.60136,19.41,28.023424,100.44426,3.826922,165.35706
26.55,88.44,19.17,7.49,100.25,5.24,239.88
26.45,88.5,19.1,17.651318,100.15888,2.2413929,241.5
26.21,62.325554,14.951063,23.084917,100.31151,4.94,237.69
25.031055,66.87813,15.526987,27.733505,100.36008,4.77,145.24614
25.9,90.69,18.98,11.36,100.40199,3.77,268.19
27.0,88.25,19.65,25.132076,100.43115,3.3811915,254.62
25.59235,70.80867,16.5102,23.67612,100.44928,3.3506033,252.12
25.657465,70.34906,16.155933,7.22,100.06,4.98,253.25
25.798306,69.32465,18.55,31.246317,100.05,6.08,173.82591
26.3,88.75,18.98,8.74,100.457214,3.7144465,252.0
25.76,90.0,18.68,14.26,100.46395,3.41031,247.44
25.51,57.861637,12.423459,20.264,100.16,5.07,114.03416
24.346272,63.141113,14.060232,12.1,100.06,5.16,251.94
25.106739,65.12386,14.893677,5.3,99.89,5.47,237.56
26.55,90.94,19.84,6.86,99.91,5.28,228.38
25.856434,66.32362,15.635506,11.16,100.14,4.65,175.61374
26.69,66.62259,15.896373,30.943895,100.43647,3.81,237.31
26.76,67.156815,19.96,25.023373,100.440414,4.23,245.5
25.432991,67.60568,19.53,22.128462,100.44809,5.48,246.25
25.171516,67.076866,15.683077,5.13,100.17,4.52,245.12
25.18862,67.41073,19.96,4.97,100.43693,4.006891,165.81729
26.6,54.950706,12.749332,5.2,100.26,4.12,244.12
27.33,59.92153,14.530027,26.092909,100.296265,4.16,115.21486
26.76,62.715897,15.767109,25.253843,100.41491,3.99,243.94
27.01,64.18593,16.462563,4.23,100.47842,2.9602163,249.19
26.68,89.88,16.822,20.263124,100.510994,3.77,255.38
26.47,65.55106,16.399952,2.5,100.26,3.37,251.5
25.065914,66.09296,16.012012,32.647873,100.29,3.55,276.25
25.195448,66.473656,15.770111,37.265003,100.32,4.12,261.0
26.33,89.12,15.636389,40.65262,100.29,4.46,257.0
25.21655,68.166725,15.894545,5.07,100.454994,3.6987429,250.06
26.43,88.62,19.04,6.23,100.17605,2.292108,257.62
25.92,89.94,15.376352,28.03732,100.33341,4.83,248.94
25.55,65.22487,15.610738,10.19,100.18,4.18,258.94
25.905031,67.56362,15.913883,39.38388,100.40343,4.45,261.06
25.75,90.88,15.984602,40.868664,100.40955,3.720846,256.25
25.42,90.06,15.60051,6.56,100.39885,3.9115202,151.94244
25.89,89.5,15.72069,40.773853,100.40004,3.93433,231.12
25.987585,88.88,18.86,1.49,100.407486,3.881727,243.12
26.18,72.95934,18.92,34.663456,100.416595,3.8161342,242.31
25.910192,71.95853,16.198107,34.76992,100.22,3.9488537,166.24185
23.668213,55.852623,18.8,22.63,100.23,4.59,243.31
26.19,61.75065,19.17,14.46,100.26,4.41,245.81
26.63,86.75,14.791727,38.956642,100.08,5.45,248.88
26.42,66.076706,19.65,41.76668,99.89,3.861595,157.86604
26.37,91.12,19.65,14.89,100.04,4.27,219.69
26.38,89.69,19.23,42.24686,100.36691,4.2604604,168.71053
27.021662,65.22239,15.876289,41.4634,100.28,3.73,178.29794
26.47,90.0,19.47,6.6,100.14,4.04,250.62
26.430681,67.152855,19.9,33.74876,100.40518,4.2501993,234.12
26.133944,67.305084,15.630362,36.984222,100.25,3.73,233.62
26.54,55.514477,13.373625,1.57,100.18078,2.2878675,237.69
24.500456,62.073433,15.348183,0.43,100.34318,2.913067,254.56
25.308622,65.447586,18.74,31.383814,100.16,4.17,153.7274
25.320568,66.59058,18.68,5.14,100.33,3.47,253.81
25.355589,88.19,18.86,41.974094,100.39,4.0000143,248.0
26.76,85.94,15.376646,45.1954,100.43359,4.36,153.76233
26.66,68.49211,15.592205,44.298615,100.42525,3.94,237.81
26.78,87.62,19.17,0.66,100.420654,3.833903,238.12
26.7,71.08385,15.885555,40.734367,100.41784,3.2,266.88
26.58,89.5,19.47,2.34,100.25,2.95,247.31
25.62,54.69291,13.219546,18.498192,100.178986,4.1,239.06
25.69,89.44,18.37,4.39,100.44,3.53,238.06
26.5,86.0,15.432817,32.070137,100.3846,3.2945926,261.69
26.68,66.443756,15.894505,30.347015,100.44321,3.66,144.10748
26.48,90.19,15.995209,30.784447,100.11,3.6812832,152.2828
25.99,91.5,19.29,30.205793,100.469734,3.7887638,157.82784
26.87,64.55667,16.272991,31.763199,100.38,2.57,167.34451
26.85,65.00334,16.565681,26.697779,100.506325,3.7261066,256.31
26.39,65.38053,16.776775,22.175179,100.51706,2.51,253.44
25.06039,66.43599,16.235174,38.38,100.29,3.6270998,255.0
23.301594,55.853558,12.880213,19.509075,100.21,3.58,244.81
24.742779,90.06,18.43,10.72,100.27,3.66,242.56
26.12,89.12,18.86,3.32,100.29714,3.375692,231.94
26.04,69.93129,15.86485,40.111374,99.99,4.68,159.35925
26.484453,90.88,15.733718,14.21,100.36381,5.21,164.2499
26.720695,66.86868,18.86,12.15,100.36,3.25,236.62
27.01,66.882675,15.767937,46.769516,100.37554,1.99,277.81
26.58,66.665634,15.556665,48.90335,100.32,2.52,130.62
26.66,88.38,19.29,50.5351,100.36649,2.71,156.42499
26.713804,67.05566,15.810755,5.29,100.59,4.4378867,164.424
26.42,56.714165,18.68,4.36,100.61,2.6507113,110.403534
24.176071,62.22686,14.9477825,10.2,100.37393,3.13671,241.5
26.55,64.9156,16.0437,24.954426,100.4425,3.14175,259.94
27.23,84.56,16.562616,22.72979,100.47234,2.3,269.44
25.268938,67.21645,19.71,1.74,100.24,2.16,243.5
26.89,90.44,16.114561,33.681255,100.45429,3.393804,216.75
25.380516,85.06,19.59,35.924828,100.44654,2.76,127.12
25.422028,89.5,16.142239,13.3,100.44002,3.297401,157.94
25.465775,72.275024,16.150951,4.76,100.43474,3.2503364,242.0
26.28,72.71589,16.076923,37.4304,100.42702,1.38,271.81
23.31189,57.594284,12.798689,2.38,100.42,2.6227527,111.107735
24.112343,62.86909,13.821194,32.58274,100.46,3.15,114.44
25.65,64.720055,14.645468,40.153515,100.37309,2.52,123.19
25.337542,86.19,18.86,2.07,100.372574,3.9273999,146.66963
27.32,82.44,18.49,1.23,100.5,4.2415814,103.31
25.85278,73.40198,18.49,49.278328,100.43,1.84,100.12
25.80266,74.78346,17.82,47.316612,100.346596,2.14,162.22978
27.51,81.88,18.43,0.54,100.42,1.83,89.69
28.31,76.37384,15.111435,45.73428,100.48,1.8,91.38
28.05,80.12,18.68,45.629242,100.321526,2.01,92.12
22.530766,57.920895,18.74,19.028131,100.17773,1.99,110.684746
27.18,62.66021,13.7493725,25.418547,100.33078,2.55,133.2427
24.220137,65.39751,14.850204,28.157644,100.394775,2.84,146.64626
26.66,66.29214,15.33066,33.19563,100.57,2.59,133.12
27.27,85.25,15.756664,34.91397,100.46077,3.7573287,216.88
24.750767,69.54643,15.570667,39.38096,100.39,2.47,175.38
25.021141,71.18571,15.378401,35.37,100.52,2.03,115.62
25.399181,72.73018,18.86,0.91,100.59,3.8,120.0
26.91,86.12,15.272025,0.8,100.66,2.51,137.56
27.2,84.56,15.359362,41.696953,100.39667,1.78,155.90074
25.7,86.19,12.189516,1.87,100.55,2.34,105.44
26.29,65.282875,13.624344,30.392666,100.59,2.19,72.88
24.932825,67.60963,19.17,38.84006,100.63,1.95,161.62
27.73,81.44,18.62,44.99193,100.66,1.7,110.38
27.74,67.8649,15.009305,48.021187,100.35041,2.23,88.06
26.653671,82.88,15.3210125,49.33028,100.3547,4.0997066,103.44
28.06,79.94,15.188637,50.658817,100.36073,1.38,151.49379
26.613365,71.54652,16.3,51.65965,100.41,4.3927407,107.56
25.23,72.70305,15.494053,44.427334,100.37559,2.03,151.18709
26.59,77.19,16.66,0.0,100.44,1.32,108.0
27.69,76.5,17.52,0.07,100.16446,0.8,97.62
25.466621,61.50937,15.079306,30.319775,100.31539,2.0,92.44
26.182426,85.5,18.98,38.200077,100.34515,3.5681078,144.65323
27.8,67.871155,19.1,0.2,100.4,1.52,134.88
28.14,68.31096,18.55,39.040047,100.4,4.166827,169.74431
26.407057,89.94,18.92,29.59,100.392334,4.3406143,77.25
25.96,89.56,15.84232,38.222412,100.40659,3.16,97.94
26.58,86.19,18.62,0.19,100.36,2.91,93.44
27.6,70.10183,15.592721,39.831036,100.43,2.22,88.12
27.35,82.25,18.49,36.48568,100.3828,4.3026795,99.81
27.0,55.518482,13.037325,19.706512,100.16027,2.0751557,208.44
25.411253,81.69,13.95309,0.14,100.256165,1.94,121.3787
26.064531,85.31,17.94,39.687588,100.29767,3.40588,141.6061
26.503408,83.12,14.544678,45.42622,100.46,3.8866158,108.81
27.15,84.06,18.62,0.36,100.31522,2.5,122.44
26.39,69.55938,18.8,40.051193,100.36365,2.09,159.11662
26.76,83.81,15.992268,33.0056,100.41834,1.52,203.31
26.061245,89.38,15.732573,35.79971,100.6,3.9501305,163.5
26.3,70.07559,15.543582,0.2,100.63,3.38,108.06
25.690985,70.61258,15.345436,42.06033,100.56,1.53,114.75
22.981192,58.81764,12.435698,18.654371,100.57,1.51,131.81
26.61,83.0,17.88,30.580542,100.21512,2.9165049,251.94
25.023449,69.41679,15.503668,9.16,100.310776,4.71,333.69
25.405798,70.86139,15.633768,40.785973,100.12,7.05,260.25
25.23,91.62,15.686035,43.83721,100.38,3.8561902,150.63293
26.19,71.5564,15.647067,45.38312,100.66,3.41,120.81
26.47,71.858574,15.718455,0.01,100.67,1.9,81.75
26.376238,70.60167,17.94,42.540382,100.7,4.208853,168.04575
26.34,81.25,16.319508,0.0,100.434296,4.107843,171.50735
26.31798,67.585236,16.452528,0.0,100.52,2.14,179.09833
23.684805,83.81,18.62,20.08345,100.094826,2.1772115,102.50331
25.347,66.57326,18.19,0.0,100.46,3.1748226,69.44
26.054144,68.39519,14.160959,0.0,100.48,3.21,97.19
26.15,77.44,14.760889,42.709103,100.32018,4.1495004,82.88
26.593102,67.583755,15.395856,0.04,100.28,4.4176693,180.78036
26.65,66.81424,18.37,1.69,100.404205,2.19,183.90527
26.29017,82.94,17.33,37.18024,100.43959,4.498813,86.69
26.163784,63.973434,16.232742,0.41,100.49,4.5337715,188.3224
26.071062,63.87181,17.82,35.315186,100.47,4.5668592,192.11282
26.85,81.44,17.7,38.16953,100.54,3.57,97.06
26.96,79.75,12.403182,19.616787,100.158394,3.0,87.44
24.759079,62.42067,17.46,0.13,100.29701,2.9171145,45.94
27.28,65.09473,17.27,0.5,100.38661,3.3124475,137.84666
24.940907,67.23369,18.13,23.414112,100.42549,3.4249506,68.88
26.32,88.25,18.8,8.64,100.72,2.16,47.62
26.62,68.3046,15.86765,0.02,100.74,1.6,66.94
27.05,77.38,16.108477,24.306293,100.48206,3.774295,93.81
25.194107,75.88,17.21,0.22,100.46992,1.54,168.35774
27.24,81.69,18.19,0.0,100.65,1.44,160.88
25.735924,80.12,17.52,0.0,100.427345,4.3416853,169.67545
23.007324,56.60411,12.514471,19.91218,100.16419,2.05,103.92059
26.83,77.25,16.72,0.87,100.46,1.38,92.25
25.34905,80.12,17.4,1.58,100.39,1.55,170.0
27.4,67.19741,18.19,0.35,100.36,1.07,185.44
25.603992,66.514915,15.001042,45.790127,100.32,4.29335,244.81
25.605316,89.81,15.132797,9.52,100.29,4.4910865,161.96907
25.73,86.0,15.184242,3.56,100.38,1.5,210.56
25.41,65.57904,17.64,2.24,100.54,2.4,177.94
26.209095,82.38,15.428743,49.258778,100.3807,4.4014597,127.19
26.1501,69.59791,15.209263,0.06,100.71,4.4959354,111.44
22.77611,55.234238,12.368675,1.77,100.74,5.09,262.94
23.58,63.581882,13.606211,6.3,100.67,4.12,100.94
24.81,83.56,16.3,0.76,100.69,3.55,62.69
25.435217,84.62,17.21,7.49,100.79,3.8,91.31
25.740528,69.08542,14.805275,0.0,100.77,3.95,98.94
26.23,79.88,16.66,48.72667,100.35319,4.4778337,91.62
25.68,75.56,15.215494,48.21484,100.35855,3.2,90.06
26.373053,75.56,15.38,48.47636,100.362526,4.390108,85.44
26.312117,75.56,15.62,0.04,100.72,3.05,94.75
26.73,71.12,15.14,50.52018,100.69,4.08,96.69
23.061916,55.226868,13.387075,0.18,100.1819,2.88,82.25
27.69,72.12,14.757535,28.036907,100.6,3.0749564,132.81834
25.417187,65.45709,15.708765,0.0,100.386086,1.8,128.12
25.675041,67.4518,12.39,0.0,100.5,1.23,154.44
25.943956,69.19,15.239489,0.82,100.3765,1.59,153.77713
27.41,75.06,16.6,1.52,100.380974,4.0651736,169.5
25.968807,71.13684,15.81,41.994934,100.54,4.212034,165.03592
25.887182,72.01666,14.28,34.666946,100.417854,4.0131416,72.19
25.888279,70.927986,13.85,34.347305,100.54,2.18,174.79015
28.07,66.75,15.08,0.0,100.56,1.84,130.31
28.33,54.26499,14.83,0.0,100.17118,2.2280679,87.01232
24.234705,61.711178,14.28,25.823158,100.73,3.1350574,71.12
26.32,62.06,14.789608,28.12265,100.38603,3.6160505,56.69
24.98,59.69,10.8,0.0,100.79,1.92,127.94
25.233768,68.384384,15.212879,38.620003,100.84,4.1300807,103.12
26.14,61.06,12.15,0.0,100.79,1.56,118.38
25.694357,62.06,12.76,43.30382,100.39512,1.41,161.2325
25.721176,69.59436,15.103023,0.0,100.74,1.79,98.62
27.37,66.5,15.449787,43.958683,100.39394,4.2355804,130.38
28.01,60.75,13.61,0.0,100.73,3.4,105.44
27.53,59.75,12.51,18.802279,100.1532,2.2091382,135.69
28.21,60.81,13.55,26.261526,100.29649,2.2,94.56
28.35,65.90335,15.187482,32.963726,100.66,2.45,114.56
28.7,66.06,15.2,0.0,100.7,2.92,122.31
25.6515,72.36159,15.580116,0.0,100.37358,3.5371206,124.19
25.664104,73.57598,15.4078665,0.0,100.7,3.7473059,114.19
28.05,65.44,14.22,0.0,100.62,4.3,130.0
28.61,71.7412,15.213784,41.97719,100.65,3.69,133.0
28.54,70.23515,15.388806,43.589546,100.35426,3.31,136.62
26.5701,64.69,15.123663,0.0,100.68,4.1893373,133.81
23.04916,62.25,12.286686,19.065407,100.84,2.3917825,103.008194
28.73,63.176674,13.923275,28.769547,100.88,4.9,146.12697
24.960093,57.69,15.151905,29.951742,100.421585,3.7610989,86.12
25.478725,55.94,12.15,0.0,100.92,4.58,170.0436
25.655157,65.79838,15.363314,39.877907,100.74,4.45,109.12
28.15,67.033554,15.4193535,43.290527,100.38785,4.25,106.0
26.349977,68.01109,15.300966,47.014828,100.36549,4.43,161.9736
28.42,65.75,15.34495,48.128643,100.35817,4.4562635,124.75
28.2,69.14773,15.625803,0.0,100.68,4.59,166.47925
28.66,65.69,15.14,47.68403,100.76,4.84,130.69
22.581917,54.4913,12.52032,0.0,100.14597,2.1309872,128.06
23.65526,63.31,14.059935,20.838806,100.29526,2.7283313,126.88
24.235327,65.58157,14.89,0.0,100.367775,4.52,139.19606
24.773888,69.11673,13.43,0.0,100.56,4.83,122.25
28.7,59.56,15.292,31.024668,100.40125,4.25,135.0
28.61,60.56,13.73,0.0,100.58,6.12,118.06
28.48,72.467964,12.76,0.0,100.41672,5.73,163.68065
25.196175,54.19,12.27,0.0,100.42625,4.175827,164.65344
29.08,57.5,15.522326,36.12805,100.43,4.69,123.56
25.138765,58.06,13.31,31.433542,100.41899,3.8387756,117.44
28.65,58.137886,12.818413,19.1038,100.14342,2.2293744,119.75
25.356417,65.305435,14.341528,29.01663,100.39,4.05,144.15263
28.04,66.81232,13.98,0.0,100.42,4.5,143.62
27.81,66.84805,13.49,36.59342,100.49,4.25,138.38
29.13,62.31,14.22,0.0,100.57,3.43,153.75
29.63,66.58692,14.47,35.01006,100.43386,3.38,172.16644
25.644606,59.69,14.4,35.8905,100.57,4.59,173.99496
25.537024,66.1022,15.401548,41.284233,100.54,4.36,139.94
25.532532,58.69,14.04,0.0,100.61,3.6,166.69
30.61,58.94,14.53,0.23,100.55,2.88,177.62
23.26358,57.6214,15.75,20.336073,100.62,4.1,111.646545
30.61,63.18129,13.79,0.0,100.64,4.83,128.62
30.43,65.12991,15.078589,34.44955,100.75,4.91,126.06
30.75,65.97715,14.04,37.047245,100.69,4.52,165.815
31.21,53.5,13.98,0.14,100.45469,3.8781333,114.94
31.57,53.5,14.53,24.119911,100.47541,3.34,108.75
30.89,53.12,16.03564,23.860945,100.484566,4.41,164.7189
30.53,66.5268,15.964014,21.571106,100.46522,5.22,124.56
25.312336,67.270996,14.83,0.0,100.44424,3.72264,166.05298
30.6,61.31,15.99,0.13,100.46,4.41,139.5
30.79,61.44,16.3,2.07,100.43,3.07,151.31
29.94,60.215622,14.051,4.58,100.42,4.43,135.25
29.56,63.25065,14.900085,37.86153,100.34663,3.2255747,116.62
30.13,61.81,15.247566,42.28346,100.364716,3.5289822,115.62
30.75,56.88,14.59,0.01,100.58,6.02,108.75
30.41,58.44,14.89,0.0,100.34459,6.02,119.19
27.067326,62.06,15.112332,46.972637,100.32444,4.13,159.775
27.035828,71.01338,16.24,0.02,100.36,4.25,159.38
30.87,62.5,16.42,2.27,100.38,3.52,157.44
27.041237,72.18671,16.11,0.02,100.32461,4.325283,135.62
30.71,55.244785,15.38,17.737495,100.17651,2.289051,90.61942
30.66,55.19,14.244907,0.03,100.57,4.5,120.62
25.225765,65.90321,16.05,30.380941,100.57,4.61,160.93903
25.239977,66.76935,17.58,31.092215,100.43734,4.193952,173.86092
29.04,65.62,15.751083,29.860209,100.58,3.49,143.38
25.425453,66.86124,14.53,30.76658,100.51,4.351077,183.1156
25.452372,66.53311,16.17,0.0,100.49,4.421182,188.19836
25.432253,68.80162,16.065542,36.289,100.38,4.42,135.75
25.351246,69.70987,16.187908,0.0,100.37,4.49,181.1826
31.93,59.25,16.17,32.392197,100.33,3.7,132.31
32.09,60.19,16.91,19.694418,100.22,3.35,150.62
30.54,62.38,16.6,2.16,100.31,3.56,150.62
26.248848,64.53142,17.64,6.76,100.41,3.6629496,151.68257
25.891386,65.506134,16.85,42.816814,100.45,4.0339046,143.44
25.722834,62.75,15.04942,0.01,100.44,4.308612,135.75
31.12,67.89925,15.46343,0.2,100.42737,4.24161,153.76016
25.021622,66.19,16.047464,33.88626,100.46556,3.7772481,148.88
31.12,63.12,16.023462,30.518568,100.31,3.76,142.5
24.951326,68.94225,15.806723,0.0,100.2,4.032485,161.38
24.93632,57.19,15.831661,33.46096,100.11,4.098492,161.79323
23.71594,58.75,16.85,20.18533,100.10181,2.192989,102.325966
32.25,64.83815,14.088406,31.890415,100.223236,2.997953,138.12
33.01,56.81,16.48,37.608936,100.27971,4.55,116.31
27.509706,53.94,15.93,0.0,100.22,4.91,123.88
27.453585,69.9874,14.946266,47.21605,100.22,5.01,128.88
27.364635,56.81,14.87364,50.942955,100.2,4.85,136.25
27.596157,67.94,18.49,52.272305,100.35,4.6177225,166.91978
27.50919,71.75437,14.956712,2.48,100.47,3.2,158.19
30.73,67.38,18.07,50.581825,100.29768,4.59349,128.19
27.226177,72.38254,15.645813,0.0,100.3,4.553219,168.86981
30.76,64.0,17.4,2.96,100.29,2.37,223.19
24.794256,63.940712,13.797724,31.836931,100.35,2.52,172.44
28.78,67.863846,14.781164,38.332775,100.29392,2.16,183.81
25.83024,70.14363,14.903084,43.900303,100.45,2.74,173.94
31.31,69.0,18.98,0.54,100.28,3.22,214.06
30.54,71.06,19.1,0.2,100.18,3.24,228.62
26.429064,70.76343,15.435493,1.22,100.34811,2.81,209.44
30.13,74.56,15.295468,5.33,100.05,3.96,207.81
26.464933,82.31,20.32,8.56,100.14,2.91,228.0
28.19,82.81,19.53,10.9,100.34,2.6,231.25
23.417885,77.62,12.566933,4.5,100.36,2.3395746,103.563576
24.95523,64.31022,14.372656,5.06,100.31,3.3497183,146.62852
29.56,75.88,19.1,0.59,100.41254,3.5276809,195.0
29.57,66.71094,19.1,1.87,100.3,3.8452647,175.31029
29.51,77.75,19.59,6.21,100.45908,2.39,190.19
25.612534,65.18405,15.804129,20.98,100.45194,2.71,168.22421
28.87,80.81,19.9,0.51,100.33,2.77,227.56
25.295822,65.4386,19.59,3.71,100.42662,3.45,165.25491
28.49,83.38,20.14,46.48956,100.42046,2.66,164.15991
28.68,82.69,20.14,3.5,100.423134,2.66,225.25
22.868572,54.29202,19.53,18.27432,100.17731,2.73,213.5
29.08,78.38,19.23,5.37,100.36,2.34,234.12
28.57,80.5,19.35,3.47,100.38809,2.27,218.25
28.83,66.183945,19.41,9.55,100.37,2.23,246.31
28.87,80.06,15.437863,2.52,100.24,3.8208642,148.93323
28.28,68.21361,15.815241,8.78,100.45074,2.43,152.10004
25.250626,67.35303,19.35,35.42731,100.23,3.8844967,209.25
28.73,79.75,19.41,1.61,100.21,2.16,182.38
29.72,73.88,15.826387,38.42176,100.45329,3.871389,234.19
25.20036,69.09587,19.17,42.263905,100.25,4.039323,149.5
23.275455,77.19,19.35,18.749002,100.160934,2.135415,117.69
29.59,74.56,18.74,26.767136,100.321106,2.8314698,128.19
29.23,62.475277,15.379776,28.442791,100.415054,2.09,130.32289
29.26,62.803574,15.427553,1.22,100.26,1.08,219.62
29.11,79.0,19.59,7.65,100.27,1.52,179.31
25.420357,81.94,19.65,42.62259,100.25,4.2337456,155.2356
26.87,63.44199,15.727911,25.67,100.44768,4.171628,157.64857
27.18,65.40191,15.962492,36.15703,100.43644,3.922513,160.31
27.9,84.75,19.78,32.73884,100.42455,3.647238,208.94
27.59,67.946266,15.694216,37.29944,100.32,3.62,233.31
27.29,56.552372,12.607772,20.119812,100.22,2.6278632,109.93704
23.997812,61.28091,14.164616,31.730553,100.29,3.3463516,252.0
28.1,87.88,15.10549,37.087936,100.41486,3.28,252.0
28.13,87.44,20.81,0.11,100.26,3.52,237.81
28.08,65.96179,20.32,0.5,100.25,3.45,245.44
28.22,67.262924,15.537341,43.281906,100.443115,3.72,257.31
25.109715,89.06,15.494471,45.541485,100.28,3.62,153.17151
26.91,92.25,20.51,44.3687,100.442986,3.95,241.25
26.93,89.56,15.63365,45.523952,100.32,3.8,247.62
25.817535,67.560844,20.26,2.73,100.22,3.43,263.0
23.675327,55.401726,12.778137,20.020403,100.22,2.49,289.5
25.260015,90.44,20.81,10.39,100.14,2.7,261.19
26.043005,88.0,15.097569,5.58,100.33066,3.266686,225.75
26.056711,90.38,14.991701,3.7,100.350845,3.689139,142.34283
27.39,88.75,20.2,2.34,100.32,2.92,197.56
27.71,88.5,20.51,5.09,100.39,2.36,230.69
27.23,90.56,15.386459,46.86276,100.39,4.164363,243.5
26.65,90.5,19.78,4.63,100.2,4.1,250.0
26.95,89.62,15.708863,41.50231,100.42522,4.065103,239.0
27.12,70.266785,15.978904,39.550743,100.23,3.51,157.3605
27.12,55.74738,19.9,18.210232,100.172646,4.61,94.577354
24.252972,90.06,13.937033,28.346079,100.23,4.45,127.6582
25.248901,91.56,14.889092,31.19,100.378815,3.6442468,144.98056
25.47,91.62,18.68,21.64,100.31,4.44,246.31
26.06,89.44,15.76758,28.298887,100.428566,3.7162912,236.25
25.343765,88.69,19.41,23.433764,100.44513,3.5007694,192.25
25.441628,69.27674,15.99218,24.60587,100.43772,3.42,161.4219
25.405115,70.16683,20.08,22.180347,100.4385,3.5702693,240.5
25.377327,85.69,15.988308,0.8,100.45,3.723381,166.71196
25.321136,68.881836,15.784453,0.84,100.41,3.34,247.75
27.11,87.31,19.47,18.589031,100.17057,3.12,243.69
26.95,88.5,19.59,0.02,100.54,3.0124261,260.75
26.87,89.31,19.71,5.79,100.46,2.93,239.38
26.9,89.5,19.78,3.39,100.390045,3.11,236.31
25.847298,68.14673,19.71,0.91,100.23,3.6,245.12
26.01851,68.177,15.864852,40.39502,100.14,3.91,165.48515
26.66,68.97013,16.331907,11.11,100.460976,3.7877674,163.64626
26.47,90.06,16.663757,25.239073,100.48829,4.45,240.0
26.27,68.5956,16.284904,28.680752,100.03,3.5201027,235.62
25.156633,68.083984,20.2,4.23,100.12,3.93,228.44
27.29,88.56,20.02,2.17,100.169235,3.24,236.56
24.822994,61.276817,20.02,24.972147,100.3258,2.48,256.69
26.69,89.88,15.34088,0.39,100.22,3.8,258.69
25.47,64.90111,15.81578,33.83853,100.29,3.8976946,158.71689
27.46,85.75,16.228645,29.529541,100.45743,3.7691808,266.62
26.18,89.0,18.8,2.8,100.53,3.32,253.94
26.42,88.12,18.86,1.24,100.42775,2.92,269.38
25.902046,67.63157,15.668392,33.788555,100.29,3.09,276.12
26.45,86.81,18.62,1.98,100.36,3.3,270.44
26.63,68.839905,15.621666,39.531086,100.40836,3.83,252.62
26.8,86.88,19.04,5.73,100.171715,4.12,255.94
26.86,59.454826,14.6068535,23.541662,100.3349,5.06,115.15488
26.62,90.19,19.65,4.94,100.28,4.9,243.38
25.486687,90.31,15.398235,25.7,100.33,3.7973773,146.33514
26.01,91.38,15.985009,26.20371,100.46243,3.710355,241.0
25.4392,64.56985,19.41,9.6,100.4834,3.4249346,241.88
26.44,88.69,19.1,8.67,100.12,3.556614,244.94
25.426273,66.04083,16.30576,23.293,100.47918,5.11,247.56
25.277365,66.49678,16.011375,28.421331,99.99,3.5962613,256.19
25.72,93.69,19.53,28.57,99.91,5.59,249.62
22.857506,55.146904,13.230252,14.29,100.177605,5.66,239.75
26.15,62.553925,19.96,8.68,100.06,4.54,142.24799
26.5,92.19,20.02,25.06731,100.42988,3.9,221.38
27.04,66.920586,16.335442,21.105206,100.45771,3.21,221.06
27.15,67.541916,16.570766,18.343199,100.4693,3.46,244.0
27.16,67.77187,16.046375,24.87071,100.32,3.62,255.44
27.38,67.642845,20.69,1.32,100.46919,3.4203358,159.30992
27.23,67.64397,16.396091,22.305342,100.48955,4.16,216.62
26.56,91.31,19.84,19.623669,100.504524,3.0793664,215.88
25.226309,67.12964,19.65,0.22,100.51314,2.9508991,239.25
23.272644,54.354187,19.96,0.42,100.29,3.28,253.06
27.18,90.94,20.57,31.45546,100.27436,3.53,246.62
25.07905,88.94,20.02,4.61,100.329994,2.95,129.65726
25.17002,69.3654,19.9,1.66,100.359436,2.85,147.33096
26.91,70.677986,14.851215,43.43717,100.38,3.33,260.44
25.195543,71.33711,19.71,0.58,100.27,3.61,259.81
26.46,90.44,19.53,1.95,100.3,3.66,252.0
26.55,72.40366,15.590439,0.74,100.43108,3.3,140.92569
24.701109,72.28285,15.590914,0.4,100.18,3.37,256.44
24.675022,71.90269,15.511143,38.969513,100.11,3.2,257.0
23.042261,93.88,20.02,17.982357,100.18235,5.17,234.5
23.910625,61.63656,14.305443,11.9,100.304825,2.9385934,122.206406
26.51,92.19,14.926739,36.729053,100.16,3.480669,139.1945
26.45,91.12,15.500128,2.85,100.44544,3.7289734,146.28226
24.927368,92.12,19.35,42.987713,100.13,5.47,151.16264
25.27,92.06,18.62,3.57,100.12,6.39,240.31
25.168667,67.05199,18.43,13.94,100.2,6.23,241.44
26.24,67.76794,18.8,38.070316,100.45823,4.0461774,152.15738
24.747852,88.0,16.322277,31.256756,100.49755,4.61,244.94
26.66,88.56,19.35,3.95,100.52782,3.236402,243.25
23.558363,91.38,19.78,19.937796,100.1033,4.21,98.6398
26.42,91.69,19.78,15.81,100.37,4.09,240.12
26.61,65.95788,14.890163,36.40522,100.48,3.6207092,154.43762
25.964582,65.17586,15.501244,0.38,100.396034,2.67,167.9711
26.78,64.16976,15.948545,0.99,100.424095,3.06,297.0
26.051735,63.915962,19.71,5.3,100.33,3.16,270.5
25.97,89.25,15.757698,45.59178,100.42824,4.27021,255.19
25.882624,93.75,15.303417,13.94,100.41196,4.4375486,157.92879
26.44,67.13661,15.632578,19.14,100.18,4.5272474,163.25995
26.141577,93.25,15.519852,49.677418,100.39721,3.24,164.81917
25.8,93.12,19.35,17.657858,100.171036,2.38,237.94
26.03,60.63881,14.443318,27.990374,100.5,1.98,226.75
24.401466,88.0,15.315552,2.98,100.38517,2.02,207.62
25.86,90.88,18.92,33.317158,100.429695,3.4966595,225.62
26.66,68.516785,16.039501,34.342964,100.57,3.7569857,154.29515
26.96,84.12,15.872251,0.41,100.67,1.34,89.31
27.98,79.38,18.37,32.646725,100.428894,1.4,136.31
25.43318,79.0,15.842733,0.02,100.6,1.41,166.73303
27.44,68.8412,19.71,1.9,100.65,1.45,191.62
25.722065,69.31853,18.8,3.11,100.61,1.05,138.25
23.135082,83.0,19.29,1.68,100.57,1.84,174.94
27.9,80.94,18.62,0.14,100.57,1.34,173.5
25.043785,62.748913,19.47,40.097347,100.49,3.2884588,206.25
26.5,89.94,14.50887,2.13,100.55,2.1,194.19
26.95,64.292305,19.17,0.72,100.431625,3.909632,150.40628
24.784191,65.75341,19.04,0.77,100.44547,4.1146674,155.68532
25.059658,67.65904,15.245253,41.129246,100.51,1.69,162.31
26.72,85.62,18.62,3.66,100.41983,1.58,133.19
27.22,69.98288,18.31,0.17,100.52,4.1957192,162.4702
25.001879,70.52051,16.269215,31.44047,100.47127,1.73,104.94
27.32,84.5,18.92,0.95,100.15703,2.2789693,117.5
25.187248,63.09113,14.267738,0.7,100.45,3.3456237,141.15422
27.48,82.62,15.098047,29.573238,100.4059,3.7190917,90.06
27.51,63.773323,15.620302,27.298326,100.45743,1.72,158.90578
25.11552,65.0997,18.8,26.502808,100.4596,2.06,164.43483
25.052814,86.25,15.75547,26.077782,100.45,4.1025257,170.11212
25.143219,65.729836,18.55,2.23,100.44753,2.38,176.84457
27.67,84.62,15.772671,28.47676,100.436455,4.376752,95.31
27.46,66.13939,19.35,29.643692,100.46,2.98,187.7169
25.477692,65.92018,19.53,2.05,100.447296,4.528819,188.95839
27.22,86.44,12.781031,19.103638,100.15324,3.47,82.73096
26.84,60.75166,14.377117,3.96,100.56,3.150449,127.67938
27.7,63.14917,15.3329935,34.663403,100.5,2.0,155.28822
28.05,65.37628,15.879379,31.586416,100.457855,3.8913841,161.56873
27.36,84.81,19.23,25.718052,100.46234,1.67,183.06
25.389849,84.44,16.235603,2.14,100.466484,3.5456991,108.94
25.57571,66.041405,19.1,1.08,100.45952,3.476084,102.81
27.85,80.12,18.43,1.32,100.45911,3.5926068,91.56
25.558113,67.23378,15.729721,1.16,100.41,2.73,87.88
27.53,83.75,15.482118,1.71,100.35,2.44,96.0
23.369318,82.75,12.186075,19.430628,100.37,2.0065365,115.0
27.8,80.06,14.008601,31.640373,100.237045,1.67,175.62
26.101603,65.50081,18.07,37.92613,100.320175,3.2272925,289.06
26.14,87.69,15.1709385,42.632973,100.12,3.5847588,243.25
26.38,65.950424,15.4236765,44.991096,100.362495,2.64,148.81
26.999557,66.50287,15.598938,3.27,100.365715,3.8572836,151.0
26.76,83.06,18.07,3.58,100.44,0.81,258.06
26.945383,88.75,15.003267,2.91,100.337395,2.09,151.65926
26.69,85.19,14.925568,52.349953,100.35,2.34,88.69
26.88427,70.62451,19.23,52.541344,100.28,4.4703336,205.25
26.16,90.19,12.694268,19.85802,100.41,2.359334,105.1313
26.34,81.69,14.297972,1.42,100.57,3.2102892,140.967
26.161884,81.75,15.69,36.19088,100.313736,3.6881647,155.98112
26.387749,67.29876,15.01,12.11,100.38,3.74,336.5
22.38,92.81,15.75,26.14,100.26,3.75,266.19
24.99,84.12,15.822813,43.298622,100.39228,4.015108,171.62
26.17,69.52015,18.37,42.79616,100.6,2.41,164.69385
26.38513,82.94,17.82,0.35,100.52,1.63,85.94
24.87,82.25,15.553979,43.76546,100.393105,1.84,163.24602
26.143578,69.50869,15.262384,46.87836,100.53,1.8,102.94
23.731207,85.62,13.07669,0.12,100.17085,2.0,173.06
24.706038,62.505398,13.992884,31.232704,100.53,1.72,102.81
26.36,80.19,14.529467,39.233257,100.33393,3.4128768,53.5
25.56,75.25,15.14,0.0,100.36277,1.57,49.62
25.545588,66.87741,15.138443,0.0,100.38894,3.965539,134.44
25.354244,80.56,15.46379,39.81707,100.41153,3.9609096,168.31
25.274862,81.38,15.517106,40.460964,100.58,0.82,154.01541
25.453703,69.13776,18.49,0.43,100.426956,1.98,106.75
26.88,68.02715,15.561198,0.31,100.6,1.35,128.38
27.55,81.0,18.37,0.05,100.47,1.75,164.06
27.28,57.94516,12.337274,0.07,100.43,3.06,114.5508
24.24581,64.3701,17.64,0.0,100.47,3.622587,158.21077
26.94,82.19,18.07,0.01,100.5,2.45,89.94
27.15,80.56,15.104545,35.94977,100.41915,4.224681,79.88
26.73,78.19,16.97,0.0,100.51,1.52,171.88
25.310608,67.55707,15.209095,0.03,100.58,1.87,88.19
25.335732,69.416504,13.73,0.0,100.39864,4.580932,169.3583
25.276041,70.91663,15.605198,35.869255,100.41026,2.07,144.0
23.69,70.852455,13.49,0.0,100.79,2.8,208.88
22.8,71.620026,15.51776,38.389153,100.39801,3.82,87.75
22.39,72.12,12.08,18.791832,100.18321,2.289362,147.06
24.736958,62.15561,15.176054,0.0,100.87,3.2535334,138.73096
25.199598,66.029785,15.405564,0.0,100.8,1.9,160.44
24.61,77.56,14.71,42.89437,100.391815,3.9735148,153.56161
25.14,77.06,15.01,0.0,100.38307,4.142251,154.51578
26.460638,68.00557,15.140978,0.01,100.64,1.15,151.31
26.83453,76.06,15.26,50.95606,100.72,4.561519,162.51585
26.84,73.44,15.87,0.0,100.71,1.84,76.44
26.848366,70.48954,15.631378,0.0,100.6,4.707771,176.9148
27.04,70.731415,15.786466,41.51805,100.37134,3.11,93.75
24.028637,70.88,15.38,20.413004,100.58,2.26,102.27986
27.5,72.69,13.850618,31.598488,100.61,2.16,87.62
25.951065,69.61594,14.970705,0.0,100.32086,1.7,96.38
27.13,68.81,15.289965,34.729393,100.5,1.44,98.75
26.55,70.0,14.47,0.0,100.55,1.54,87.25
26.79,74.75,15.67029,33.97437,100.36156,4.0875926,147.75
26.362394,70.731,15.642696,0.0,100.58,1.78,233.81
26.287722,69.34323,15.957256,0.0,100.64,1.62,177.23276
26.79,69.5,14.53,0.0,100.43943,0.96,155.44
26.65,73.44,15.32,0.0,100.6,2.04,150.62
26.45,57.63107,12.689159,19.014153,100.13783,1.62,74.19
24.767897,65.19,14.298445,27.090567,100.26979,3.0320673,154.88
25.531895,68.3545,15.170102,31.798937,100.59,3.6274085,159.99554
27.92,71.69,15.87,27.794922,100.39737,3.66908,176.38
27.99,69.60654,15.8605,0.0,100.81,3.07,66.38
27.01,62.69,13.12,31.048494,100.38796,4.1251664,46.81
27.72,65.44394,14.59,33.15316,100.89,4.3573575,187.98988
26.79,69.06,14.71,0.0,100.40924,4.3553596,83.19
25.51,69.75,16.318518,27.479725,100.437706,1.78,179.31
26.411314,68.68226,12.39,33.416042,100.65,4.103484,64.88
27.4,57.642735,14.04,0.02,100.65,2.6427863,112.77704
24.677053,63.27445,14.585266,0.0,100.52,3.630616,155.04877
25.276672,68.073456,15.090136,38.68956,100.51,2.43,71.44
25.744707,58.88,14.16,0.0,100.37125,1.89,165.66481
29.01,69.41827,13.55,46.150978,100.4,4.5258856,174.1008
28.44,65.69,16.028505,36.48667,100.427284,1.94,239.94
28.24,69.429634,16.136211,0.0,100.46043,2.09,167.73776
27.81,69.47065,12.82,0.05,100.45127,3.8285005,80.44
27.3,58.0,12.08,0.0,100.57,1.51,226.56
27.07,57.62,11.66,40.75564,100.406425,4.0455146,157.40903
27.68,62.69,13.37,18.996767,100.157776,2.2837327,96.19
25.183586,63.065308,14.293418,0.0,100.64,3.344048,140.95435
28.76,60.56,14.1,0.0,100.6,1.8,160.25
25.27183,67.52707,13.24,0.0,100.41816,3.8902252,161.76166
29.27,69.850006,15.550169,24.85293,100.419785,2.23,162.94
25.178713,70.766785,12.15,0.0,100.41761,3.793067,162.57922
29.17,57.5,15.3859,31.377087,100.71,3.73,116.94
25.745762,74.696594,12.88,0.0,100.36696,3.57,124.0
28.1,56.31,11.78,33.21137,100.64,3.48,108.56
28.15,63.25,15.184112,36.999397,100.52,4.49,125.69
23.54134,55.346878,13.298189,20.151415,100.17201,3.16,135.88
27.65,67.94,15.015402,30.134193,100.32254,4.3,142.31
25.609642,67.19,15.068578,0.0,100.35553,3.4015486,136.90808
28.19,64.19,14.04,41.023716,100.66,2.91,138.88
27.9,63.75,15.652775,36.080658,100.39574,2.37,183.88
28.25,53.81,15.422573,39.72352,100.71,1.76,127.88
28.3,49.69,11.17,0.0,100.71,2.23,103.31
27.95,73.617584,15.688495,0.0,100.40329,1.51,150.6106
27.63,50.31,10.25,0.0,100.76,2.29,111.5
28.43,73.9554,15.661958,32.95892,100.386444,3.34,104.94
23.70385,48.12,12.282104,0.0,100.09525,2.1836836,102.65717
27.36,50.81,10.5,0.0,100.253136,2.9529493,137.81
27.87,67.45884,15.195106,31.576677,100.72,3.6150303,159.95708
29.13,51.62,12.33,0.02,100.7,1.58,110.25
29.08,50.25,12.33,35.58639,100.73,3.24,49.75
26.223854,67.87088,12.82,33.117626,100.41129,4.270305,125.81
26.371906,53.88,13.61,0.0,100.42977,4.173794,98.69
26.629478,58.25,15.736176,36.15584,100.71,4.338745,123.25
29.8,66.95562,14.53,38.11453,100.61,4.35,185.78276
26.27127,64.5,15.9438305,0.0,100.51,4.5409846,184.87386
28.96,63.62,13.400629,20.335588,100.16148,2.2836838,143.94
25.616966,61.7366,15.253891,30.818512,100.30761,3.0106564,133.81
26.540775,57.25,14.71,0.18,100.76,3.02,94.5
26.78039,68.24133,11.47,0.01,100.78,3.9547691,164.83212
29.2,44.94,10.19,0.0,100.423584,3.9876423,167.69876
26.130354,69.48853,10.5,0.0,100.77,2.12,73.31
30.53,45.06,15.666346,38.031536,100.421,4.197961,165.55016
29.37,45.81,10.74,32.497482,100.42297,4.0688453,70.0
25.934639,43.75,10.19,0.0,100.84,3.59,69.62
25.902313,69.44468,15.251309,0.0,100.69,2.11,91.62
23.200005,57.264233,12.559875,19.311163,100.56,2.62,176.19
30.51,52.44,14.137558,0.0,100.21971,2.8,127.727264
25.330812,66.87233,11.66,36.58985,100.5,3.5992084,153.56802
29.98,45.31,15.349029,0.0,100.5,2.7,126.69
25.391373,69.831985,13.55,0.0,100.41143,3.8174038,119.88
25.510641,70.63378,15.575574,0.0,100.40565,3.49,160.42122
25.524014,55.81,15.633015,0.03,100.44,4.0904193,164.70186
30.97,50.06,15.518962,35.6883,100.44,4.52,112.44
30.45,72.52608,14.4,0.0,100.46,4.08,117.88
30.48,57.44,15.416727,0.01,100.5,4.71,123.12
29.76,58.19,14.47,19.617907,100.153015,2.2204757,88.47713
30.96,57.38,14.508537,29.888014,100.58,3.14,154.25
25.530212,64.81571,15.08,0.0,100.38,3.6935225,150.56877
31.3,66.87274,15.815917,32.289715,100.41281,3.65,182.56
31.25,67.448875,16.36,1.82,100.31,3.55,165.81
30.23,69.00775,15.625488,37.51484,100.38751,5.23,138.25
31.3,56.5,14.65,37.88567,100.376205,3.7651007,126.0
31.02,59.94,15.745068,0.0,100.36755,3.6526146,134.5
30.73,71.70832,15.431174,40.859097,100.53,3.7933662,127.62
31.13,55.0,15.520323,41.787533,100.354485,5.84,121.12
22.761194,59.04885,13.55,0.0,100.58,5.27,110.19
23.746286,66.86776,13.67,0.0,100.274666,3.065132,142.66737
30.59,71.10668,13.61,28.960175,100.33344,3.3107958,124.25
24.95495,73.75759,14.557122,34.82185,100.54,5.48,127.75
29.85,56.5,13.49,0.06,100.62,5.48,129.0
25.812931,75.91655,14.839298,41.500465,100.63,4.77,125.44
30.32,60.12,15.14,40.14506,100.3348,3.8534381,134.38
30.13,60.38,15.08,0.68,100.49,3.8107405,140.12
30.33,57.19,15.1951,38.45694,100.4,4.88,126.81
30.68,57.81,15.33246,35.549335,100.33131,5.56,123.81
22.721378,58.50483,15.32,0.0,100.42,4.78,126.25
30.8,64.29597,15.38,0.0,100.46,3.77,136.19
30.69,66.53027,14.223635,33.63603,100.39,3.98,160.12782
25.034561,56.0,14.47,0.0,100.36,5.0,137.31
31.15,57.69,15.14,0.0,100.39,4.39,142.31
31.25,70.13563,15.93,30.597939,100.415375,4.0264273,138.12
25.010078,70.94728,16.17,0.01,100.4222,3.9716153,163.50485
31.23,56.62,15.817476,24.891,100.43326,5.56,125.62
31.41,57.06,15.01,0.0,100.44499,5.54,121.0
31.59,56.88,15.26,0.0,100.49,5.74,113.44
31.45,56.5,14.89,18.495583,100.184875,5.77,118.5
31.51,53.88,14.47,27.871634,100.33186,2.9224255,120.03426
30.66,59.5,15.81,32.767086,100.46,4.13,141.5
25.127966,66.25142,15.771625,31.604626,100.42966,3.4641433,130.12
25.213814,68.98813,15.467793,0.27,100.58,4.09,122.19
31.12,69.33786,15.7734165,40.5501,100.63,4.014272,157.37881
31.73,69.52342,15.87565,39.846436,100.425674,4.0126467,123.12
31.19,60.88,16.6,41.2602,100.40451,4.1196356,160.7813
26.514029,63.81,16.42,45.042786,100.36455,4.2751803,159.73376
26.729906,57.5,15.5,1.03,100.34943,4.1357083,97.12
31.2,55.94,13.319727,18.4806,100.17966,2.268207,129.75
24.964518,62.529495,14.983885,27.681421,100.46,3.7,137.48866
31.2,57.56,15.750565,28.399431,100.41944,4.92,152.47227
31.37,64.92999,15.2,30.816078,100.55,4.010324,169.12059
31.78,56.56,15.75,0.0,100.45,4.228939,137.5
25.746208,65.58331,15.543371,37.992317,100.46,4.36,130.25
25.782898,60.94,16.24,0.0,100.39,4.13,127.06
31.01,67.6359,17.21,0.06,100.41388,4.17,171.16243
25.687063,61.38,15.4927635,42.81122,100.42071,4.59,171.68259
25.918661,66.046936,15.637038,0.88,100.40822,2.58,171.20032
32.41,54.38,15.56,1.65,100.15821,2.212688,86.06
25.111034,59.19,13.778592,30.701603,100.26701,2.92,124.35274
32.32,67.07881,14.7513485,33.139946,100.324524,2.89,113.25
32.52,69.13016,15.44,0.13,100.42,3.35,195.88
26.323843,71.576775,14.9077215,41.94766,100.35,3.9582853,100.19
33.12,71.95983,14.992271,0.21,100.38,4.2,115.69
32.54,72.18118,15.252675,0.0,100.33421,4.051823,116.38
26.69888,72.58977,15.052664,45.319843,100.22,4.05,130.75
31.77,72.64844,17.21,44.778282,100.32354,4.1748967,136.25
31.69,61.94,17.46,43.69342,100.33269,4.0001864,145.75
32.3,59.25,12.359687,19.171959,100.27,2.3462725,100.96521
23.899258,61.06,17.27,24.790968,100.33719,3.91,155.0
24.408329,64.88753,15.771931,0.02,100.430466,4.58,149.44
32.46,61.81,17.94,0.74,100.18,4.23,154.62
25.819958,56.56,16.91,0.01,100.21,3.76,148.94
32.96,55.94,16.36,0.0,100.398254,4.11,153.31
33.42,72.42684,15.889071,0.0,100.395515,3.3860447,143.38
25.950867,73.787766,15.487658,0.02,100.26,3.2,130.94
33.02,54.56,16.42,0.02,100.28,3.751155,129.88
33.3,54.44,16.6,0.07,100.24,4.1,125.56
23.114048,54.38,12.528199,19.491348,100.08,4.05,98.35147
30.96,64.06,14.581239,27.512157,100.33798,3.0133827,123.62
30.83,63.33329,15.151515,35.44632,100.04,3.4553738,186.94
30.92,68.94,18.74,41.422943,100.40964,3.7688928,145.44589
30.5,65.37746,15.177422,0.82,100.13,2.48,206.25
30.86,70.56,15.4531765,44.452682,100.42671,4.0762143,235.5
30.9,67.49843,15.387642,45.34481,100.19,4.205609,250.56
30.55,71.44,15.3219595,0.89,100.16,2.96,220.0
25.796188,80.75,19.84,16.42,100.31,4.4346385,156.11072
29.25,79.12,19.59,17.86,100.42811,2.38,206.62
29.07,78.88,19.47,19.245285,100.159805,2.2488925,206.69
29.87,73.81,18.98,3.0,100.303375,2.23,233.31
29.35,76.69,19.23,2.57,100.44,3.5267859,229.81
28.48,83.5,15.546724,34.54024,100.366875,3.8172863,219.5
29.25,76.62,19.04,6.01,100.46,2.2,172.38
29.08,76.56,18.86,3.3,100.38332,1.06,171.94
26.694431,67.30132,15.989344,4.62,100.55,1.88,178.02394
29.07,68.570435,19.59,29.755484,100.41687,4.1612506,211.81
27.9,67.71613,16.193825,30.735123,100.47,4.2480397,183.5875
28.83,77.0,18.68,27.313734,100.46106,3.9279346,211.25
28.12,53.578865,13.318747,8.86,100.194275,2.3090565,90.04759
28.37,80.69,19.17,3.3,100.386215,2.8161528,244.69
24.505417,61.767937,19.29,2.31,100.35,3.3245673,146.72214
28.16,64.71098,16.405342,32.563534,100.29,2.29,248.62
24.381207,67.41754,16.471476,6.1,100.50797,2.63,255.62
28.9,78.69,19.35,1.87,100.513725,3.279356,232.94
24.267988,70.24871,19.71,37.902184,100.29,2.98,218.62
24.249111,71.177864,16.316868,3.27,100.50812,3.312377,237.38
27.13,71.084145,16.450039,30.66675,100.51262,3.156196,135.9486
27.98,85.69,20.14,18.26,100.05,3.08,238.38
27.04,92.75,20.81,20.004326,100.17053,2.1712625,182.69
27.01,91.19,20.32,29.872004,100.32288,2.8592796,166.88
25.527994,64.250465,15.114925,38.111958,100.4,1.71,178.19
27.37,64.94212,15.10922,43.84779,100.34,1.82,270.19
27.59,86.81,15.451313,46.837177,100.39137,3.8639739,280.06
27.66,88.5,15.674078,48.359043,100.399216,1.91,243.25
27.12,91.25,15.238468,39.26,100.38924,2.57,145.92786
27.38,88.25,15.447237,51.854317,100.38608,4.1935234,226.75
27.48,88.0,15.661282,51.377636,100.389244,2.42,180.0
27.88,85.94,20.08,52.388447,100.38345,1.98,146.29091
23.731842,88.44,12.268016,6.33,100.09359,2.07,103.69663
26.89,65.70017,19.9,28.690506,100.2594,2.48,141.34845
25.463966,67.164635,19.17,32.770435,100.31,2.12,163.14813
26.68,88.62,16.147703,28.12173,100.45108,3.5903172,213.0
25.616745,67.102585,16.638885,17.85,100.29,3.78777,177.11983
25.456854,92.5,19.17,65.57,100.29,3.26,218.94
25.88,91.0,16.123112,42.24,100.32,4.1066685,172.14627
25.98,86.12,16.185074,31.183472,100.49003,3.9735286,169.85594
26.61,86.94,18.86,6.62,100.18,2.79,263.88
25.27089,66.34589,15.745192,18.2,100.33,3.61,235.56
23.08284,55.618862,12.492694,1.66,100.4,3.09,269.19
26.78,62.61773,13.94065,29.590967,100.19,3.224874,137.77284
27.07,65.49517,15.031507,28.845203,100.39048,2.2,185.56
26.6,65.78835,19.35,0.46,100.43304,2.66,159.19135
25.673016,86.44,15.4626255,5.89,100.35,3.984553,188.94
26.79,88.38,19.47,11.37,100.19,1.86,243.94
26.67,90.38,19.78,29.60522,100.42295,2.45,212.81
26.81,67.33406,15.727488,2.67,100.25,3.9259446,227.81
26.91,87.5,15.6072445,36.478306,100.21,2.09,191.69
27.01,88.19,19.59,40.044853,100.26,2.84,220.38
22.754045,86.62,13.0688,18.268618,100.17046,2.1787636,257.5
27.23,87.81,19.84,4.05,100.17,2.8752902,260.62
27.15,63.01876,19.65,34.859104,100.17,3.3287065,159.94
24.935383,87.69,15.167543,0.73,100.27,3.738603,142.69188
27.12,66.9047,15.618038,3.89,100.442535,3.7835355,146.5553
28.12,67.54132,16.054548,2.44,100.47215,1.72,148.84366
27.46,87.19,19.96,14.38,100.21,2.28,170.56
27.34,69.71564,15.655529,33.086735,100.402916,1.69,152.06
26.40543,70.23044,15.504614,1.19,100.36797,1.49,156.4425
26.407595,70.646736,19.35,42.35146,100.27,2.47,163.81
26.8,56.150658,13.313864,19.253382,100.174286,1.8,191.56
26.76,86.88,19.04,3.77,100.32926,2.11,186.56
27.3,67.16606,16.076145,30.88589,100.39693,1.94,199.38
26.018377,68.538635,19.71,34.217056,100.18,2.15,161.83633
27.67,68.13191,16.548767,36.487953,100.19,3.9385877,175.46358
26.978703,88.75,16.05536,39.921814,100.37762,2.95,175.62375
26.873968,67.84164,20.26,3.21,100.14,3.45,264.69
26.962074,68.00504,15.978149,33.43,100.0,4.3713675,175.21275
25.87,94.88,16.164963,40.45569,100.40879,4.226796,230.88
26.860262,90.69,19.71,42.64989,100.383095,4.311675,171.11626
26.22,54.46657,12.591286,13.07,100.08,4.49,217.06
26.77,60.857964,14.273905,28.952826,100.27337,3.33,237.75
24.640057,64.2711,19.84,12.53,100.18,3.2142503,266.56
25.56,65.914764,15.363476,33.641594,100.41795,4.02,138.76009
26.83,66.551254,19.78,31.36973,100.45194,3.6551943,145.5394
24.965973,65.4839,19.9,21.83,100.17,3.75,249.81
26.73,65.10798,19.9,36.784927,100.47081,3.08,244.5
26.64,92.25,16.020832,39.277813,100.48059,3.9469206,233.75
27.15,89.69,20.14,43.03271,100.47283,4.1013827,155.0678
26.99,92.06,20.57,46.05943,100.45784,4.236658,155.02086
26.4,91.31,19.65,9.74,100.39,3.09,193.75
25.032389,63.80217,19.23,8.42,100.36,2.51,189.31
25.405258,66.57133,14.574357,9.31,100.3,2.57,281.44
26.68,67.43091,15.354787,3.2,100.25,3.7727056,153.56187
26.009514,92.94,15.396944,4.65,100.38857,2.32,159.25542
25.82,67.290695,15.933223,37.063805,100.41964,3.04,240.81
26.05,87.19,18.31,11.32,100.23,3.1,252.69
26.48,87.81,18.98,5.72,100.26,2.26,265.62
26.84,87.81,19.35,1.07,100.36,2.2,266.5
27.02,66.59518,15.399613,39.435356,100.37,2.79,225.75
27.12,57.64612,19.78,20.417128,100.39,2.6324594,112.1337
24.314867,62.70345,14.3053665,0.13,100.41,3.2370615,257.25
27.26,86.88,19.59,0.03,100.33,2.46,252.81
27.51,67.977104,20.45,38.105705,100.40669,3.6540427,249.06
27.41,89.56,20.45,40.889774,100.13,3.54,247.0
27.08,69.78252,15.908436,35.106667,100.450645,2.91,144.46265
27.13,69.79962,16.366718,28.038187,100.4793,2.92,233.88
24.99112,69.304955,16.68572,22.82581,100.49982,3.0237603,229.69
25.353931,68.067,16.424833,23.625433,100.47578,2.31,153.90842
27.29,67.382904,19.41,5.9,100.21,2.01,252.06
27.04,54.614407,12.7349825,2.48,100.27,2.09,251.0
24.070124,85.25,14.1021595,31.163937,100.29,2.8851702,123.11589
27.55,88.44,20.32,1.59,100.36396,3.3499303,174.5
25.435127,65.16397,15.372424,42.742065,100.22,1.62,202.88
25.858532,65.14078,15.234223,46.65004,100.22,2.52,230.75
26.64,90.75,15.146767,0.78,100.29,2.59,268.5
26.101637,86.81,19.78,52.905952,100.37567,1.59,148.61015
27.85,84.5,19.65,4.88,100.32,1.51,188.69
27.48,67.81752,15.187855,52.366844,100.373245,2.08,154.56
26.01744,87.56,15.21556,3.78,100.28,2.4,150.66786
23.284632,54.740177,12.559513,19.430002,100.42,2.09,195.62
26.62,89.75,19.53,30.430073,100.26429,2.706237,190.5
26.25,91.31,19.47,14.98,100.34876,3.1590858,218.81
25.46566,66.099915,19.1,40.772076,100.34,3.5196197,234.88
26.51,88.69,19.17,0.97,100.25,3.800235,248.75
26.14,93.5,15.059356,46.53268,100.39902,3.82,147.64653
25.87,67.797874,19.78,39.982094,100.42325,3.9920352,149.2369
25.87,94.12,19.71,38.04,100.27,3.73,180.06
26.37,68.85112,15.342033,39.70197,100.45,1.79,208.88
27.38,69.35072,19.35,36.580875,100.41999,4.046107,198.56
27.34,86.19,19.47,16.403101,100.14203,2.0900357,151.12
27.2,86.19,13.794505,23.986814,100.38,1.94,168.94
24.45351,63.88906,14.488284,30.234365,100.45,2.09,229.62
24.668642,90.06,19.17,31.853159,100.400314,3.4907908,265.56
24.799318,67.603264,19.1,32.85549,100.41821,3.749842,147.72563
25.053356,68.05638,18.74,36.584286,100.22,3.922988,228.5
25.37976,94.5,20.02,17.6,100.16,3.2,198.06
25.58804,70.090866,15.015424,4.91,100.32,2.47,229.81
26.19,91.88,19.59,4.76,100.15,2.85,281.75
26.38,91.94,19.84,5.86,100.11,2.48,274.69
26.53,92.75,12.609777,18.819279,100.16097,2.0872512,220.69
24.842857,61.895863,20.14,8.74,100.28734,2.63,122.88928
26.13,92.06,14.499529,36.747646,100.37,2.09,248.0
26.14899,65.50322,15.196747,10.95,100.27,4.01854,163.81725
25.86,92.81,19.41,39.281265,100.21,4.273767,171.07443
25.79185,66.18906,19.65,6.3,99.99,3.12,269.62
25.752546,66.99834,20.02,46.839394,100.05,4.5294156,160.12
25.95,93.38,19.65,35.98,100.39126,4.403042,194.94
25.877007,69.34177,15.652475,28.91,100.39519,2.13,225.25
25.86,93.31,15.495296,9.18,100.0,3.26,227.12
25.26,93.75,18.98,34.41,100.164665,3.76,249.69
25.89,94.06,19.84,21.37,99.95,2.72,233.94
25.87,62.939796,15.2730055,27.889202,100.40158,3.2227318,130.39015
25.040245,63.702553,20.02,23.28,100.45987,3.55,218.94
25.445742,95.0,16.379787,19.97,100.48982,4.16,214.81
25.57,94.69,19.53,15.46,100.07,4.07,213.88
25.66,94.31,15.541516,21.87,100.442345,3.9531062,161.39699
25.820992,90.75,15.595203,7.16,100.3,4.196993,168.65045
26.44,67.200005,15.960901,26.75034,100.44842,1.61,278.56
26.28,67.19011,19.71,23.52114,100.459946,2.44,167.78107
26.08,90.06,12.754304,3.28,100.25,1.91,250.31
26.38,89.06,19.1,32.34738,100.24873,2.828543,119.07037
26.16,63.741806,15.478685,1.05,100.373604,3.223611,135.86407
26.07,91.31,19.29,9.62,100.4,2.8,240.88
26.06,90.38,19.04,16.35,100.33,2.11,299.94
25.13,91.88,18.37,3.08,100.19,3.05,308.0
25.08,94.12,16.147175,23.098673,100.453026,3.6397238,265.25
25.26,68.45626,19.1,32.98,100.37,3.7062395,167.47595
26.9,85.88,18.92,21.174294,100.4814,3.4343975,205.44
25.333065,85.31,16.764788,8.28,100.502945,1.69,133.56
27.3,56.658722,20.02,18.170595,100.14633,2.275033,215.75
24.698666,63.384132,18.37,27.651312,100.47,1.23,141.17307
26.72,83.12,18.01,0.1,100.405716,1.39,153.31
26.73,64.49982,18.8,34.935703,100.52,3.9358256,231.25
26.97,85.06,18.74,38.969532,100.42381,1.63,173.88
26.380745,89.94,19.65,5.43,100.47,1.91,166.41588
26.41457,66.16086,15.960497,11.48,100.56,3.31,174.65031
26.67,66.449036,15.759969,0.56,100.5,1.44,204.88
25.62,66.78098,17.7,4.26,100.34,2.6,287.75
24.4,91.06,17.46,5.49,100.15,4.492928,302.19
22.660164,54.910587,18.01,16.63562,100.13425,2.1236415,156.19
23.780146,62.83618,18.92,0.84,100.28827,2.3,128.82234
26.47,85.44,18.31,0.0,100.35903,1.68,265.12
24.613129,68.84987,17.88,0.0,100.39868,1.52,154.83168
26.61,85.38,15.269532,27.614367,100.42194,1.84,160.8192
26.94,86.25,19.04,1.02,100.44,2.36,84.0
25.880527,70.28737,15.113326,1.13,100.35,1.76,97.12
27.44,84.12,19.04,0.33,100.31,1.55,108.44
27.12,85.69,19.1,1.52,100.31,1.3,134.38
26.84,72.27676,19.1,45.641994,100.33464,4.460688,105.5
27.29,58.36229,13.025635,20.581436,100.127556,2.32,99.88
26.98,64.43368,14.31351,0.99,100.47,1.35,122.94
26.483614,81.81,18.55,40.48492,100.27645,3.4225352,143.54263
26.46,83.75,14.916414,0.07,100.30015,3.7557745,149.39464
26.47,81.81,17.52,1.33,100.48,2.05,101.19
25.9,81.69,15.088491,0.46,100.30502,4.180214,154.80867
27.326204,71.351654,17.52,0.13,100.56,4.311597,33.69
25.96,70.35646,15.699004,46.729633,100.33677,4.216609,87.94
25.25,91.31,15.3608465,13.59,100.320045,4.3088965,159.11705
25.46,71.65547,15.482227,44.89583,100.318825,2.52,117.62
23.725578,58.877445,18.37,2.74,100.57,2.32,73.25
25.379372,83.56,13.331951,32.587894,100.20482,2.844661,135.99121
24.23,80.38,15.01,0.0,100.55,2.05,31.44
25.639896,67.882126,14.797794,43.606964,100.57,1.77,176.94
24.16,82.56,15.030497,0.03,100.386566,4.0393324,154.709
24.95,82.69,16.24,47.5098,100.39882,4.043891,122.0
25.51,68.57218,16.103437,0.1,100.44592,3.6939983,149.74506
25.15,86.38,15.855249,35.213383,100.56,2.37,251.12
25.22,82.25,16.42,0.09,100.43532,2.12,157.62
25.83,84.31,17.46,34.075214,100.42,1.7,118.88
25.99,88.19,18.49,0.79,100.1638,2.2379994,175.88
26.24,62.124786,14.459611,26.319407,100.36,3.232579,135.72621
24.906588,63.24428,15.042547,0.31,100.34,1.36,234.25
25.257298,88.0,18.92,1.74,100.37,1.95,99.19
27.12,85.0,18.92,1.91,100.5,1.8,74.19
26.97,69.28413,18.68,0.45,100.40145,4.4210925,167.41838
26.21,66.95237,17.82,0.2,100.44,2.22,166.5
25.69,84.0,17.27,45.997692,100.46,2.52,133.12
25.313232,66.31009,15.573692,45.74989,100.52,4.6948285,48.75
25.375221,78.62,15.817402,0.0,100.45433,4.42,66.19
22.12,80.62,13.43,0.24,100.163925,2.1696527,251.88
21.81,59.46875,14.16,3.31,100.32899,2.8631043,115.10523
23.0,92.94,15.866863,23.179712,100.44776,3.79,179.06
24.377827,65.27011,15.814293,8.23,100.35,2.91,102.0
24.250164,67.485825,16.078888,34.436504,100.49276,2.45,96.38
26.5,68.184944,16.175303,30.836569,100.50667,1.34,141.7876
24.400316,84.88,16.114443,0.0,100.44,3.6029532,147.61026
25.56,82.88,16.254305,0.0,100.512146,3.6040401,152.02623
25.76,83.56,17.21,0.0,100.39,3.7443626,192.12
24.66,66.47218,15.835233,31.331987,100.443344,2.42,63.5
22.62,82.06,13.98,0.03,100.15692,2.1875737,60.81
24.789553,82.38,13.98,29.605639,100.33053,2.82,112.69
25.039236,83.44,15.188826,36.783173,100.61,2.58,139.20668
25.03,80.56,15.879099,0.01,100.43879,3.6865444,168.69
25.54,83.25,16.91,1.93,100.46575,2.02,120.75
25.59,66.61208,16.107952,4.31,100.5,2.33,34.81
25.824778,83.5,17.33,0.04,100.43,1.77,65.25
25.621883,69.8189,15.833215,37.948456,100.4228,1.65,49.88
25.11,70.17241,16.166775,32.289856,100.46124,2.38,151.9027
25.030476,71.19618,15.942644,35.48627,100.48,2.5,68.5
23.82,57.147896,12.744731,20.373598,100.55,1.8,111.95537
23.79,63.7986,14.4,0.0,100.64,2.59,76.12
21.46,65.761,15.371119,0.0,100.73,3.35,171.5012
20.82,75.62,15.775065,0.0,100.69,1.81,244.62
25.839499,67.16604,13.98,0.0,100.62,1.31,184.31
26.047295,69.536766,15.449404,43.651608,100.49,0.93,141.25
23.72,79.94,14.34,42.197525,100.393745,4.353541,187.62
26.027441,71.13237,15.999891,41.2595,100.66,2.91,39.12
26.066774,69.95046,16.248283,40.29129,100.72,2.73,22.31
22.17,68.77876,12.39,0.0,100.66,1.5,186.62
24.5,57.2202,12.35871,0.0,100.57,1.16,112.08049
24.92,83.81,13.82221,30.547995,100.49,1.46,220.81
24.991316,86.81,14.473889,37.84839,100.44,3.8827107,200.81
25.055199,66.85341,14.99015,0.01,100.40603,1.57,181.81
25.040855,68.19841,16.97,31.57978,100.42157,4.0831103,163.78127
25.64,82.44,15.331825,0.0,100.51,1.85,140.25
25.961147,71.43434,15.2336645,39.119736,100.47,1.32,96.12
26.07,71.40997,15.515378,41.058544,100.45,4.535628,176.48622
25.998222,70.79238,16.54,41.12745,100.57,1.76,181.95508
24.79,69.83927,16.033562,40.108124,100.65,2.01,185.45119
22.76136,59.363243,11.94858,0.0,100.66,1.63,100.19
25.07,65.92378,15.32,28.277159,100.23493,2.9607244,127.44
26.3,77.0,14.302306,0.0,100.67,1.68,123.69
25.27,72.19,14.964361,38.785286,100.345795,1.27,87.81
25.103481,71.697235,15.550556,39.408627,100.38592,1.73,68.56
25.173027,71.88466,15.580582,0.0,100.40118,1.63,144.35536
25.266731,71.88,15.632381,0.0,100.62,3.95143,149.31227
26.58,72.37153,15.437109,44.346283,100.5,1.59,97.25
27.24,71.81,15.411648,44.290813,100.40752,4.1811934,150.85556
27.21,77.12,15.640614,40.585503,100.41047,3.9534976,206.81
23.858902,55.91004,13.406132,0.01,100.162674,2.2832596,159.44
27.25,76.88,16.91,0.81,100.38,3.0114582,156.5
26.115328,66.23876,16.66,35.11396,100.34798,1.94,216.69
26.083212,68.14372,15.629518,0.04,100.63,2.59,212.5
26.218616,68.52435,16.043903,41.36684,100.7,3.9702504,161.30722
24.86,67.706696,16.373882,41.281025,100.73,2.66,172.54695
24.83,66.48298,16.26132,39.496563,100.43926,2.08,157.44
24.93,73.06,16.20467,38.223274,100.433,4.0597277,121.81
26.575521,64.9341,16.20622,0.0,100.42835,3.9636872,104.75
26.72858,63.0,15.637603,0.0,100.388275,2.17,166.33015
23.363361,57.09775,13.013577,20.5044,100.83,3.31,109.79111
24.31031,64.87602,14.188083,32.523376,100.78,2.12,77.56
25.01,62.06,14.872816,0.0,100.36236,3.7009676,146.64754
25.3,66.69,15.351435,41.475636,100.38427,3.7817793,96.81
25.575771,70.04637,15.182198,0.0,100.53,2.15,97.94
26.9,68.69,14.34,0.0,100.43,2.22,213.81
26.106354,68.69281,15.102695,49.520653,100.28,2.6,209.62
27.71,70.19,15.5,47.67025,100.37044,2.52,181.88
27.52,69.38,15.678371,45.250114,100.3784,3.9034767,136.75
28.24,67.81,15.26,45.735832,100.37,4.7,131.12
28.66,67.44,12.245653,0.0,100.61,4.72,128.69
24.78588,66.177765,15.69,0.0,100.57,3.69,109.56
28.63,64.62,14.83,0.0,100.302055,3.3280058,113.81
28.99,68.95749,15.025848,40.513493,100.6,3.6606386,110.12
25.693275,64.38,13.24,45.277702,100.36887,4.81,151.35246
27.81,68.23511,15.137052,47.19848,100.36908,3.42,116.81
28.55,67.89589,15.283167,0.0,100.36633,3.92,118.56
28.71,60.94,15.369923,48.42863,100.36403,3.69,98.12
26.504707,55.56,12.88,47.164234,100.62,4.3571978,159.15825
29.53,55.81,13.37,0.0,100.58,2.74,100.31
30.05,55.81,13.92,0.0,100.58,3.22,103.31
30.14,66.56259,13.795727,30.391375,100.61,3.1776419,94.31
30.05,49.62,14.571663,36.047775,100.57,1.77,108.62
26.494097,56.62,13.06,0.0,100.45,2.44,159.25
28.71,70.203926,13.31,0.0,100.43,2.1,128.94
28.88,68.99863,14.34,0.0,100.4,4.396984,181.28854
28.9,70.169205,15.985485,32.886074,100.40373,3.67,140.88
29.4,60.06,14.1,0.0,100.3,4.31,133.38
26.554592,62.12,15.6427555,0.0,100.35633,4.0026054,135.38
30.33,62.12,16.05,0.0,100.35087,3.66,138.38
23.19503,63.75,12.038112,0.28,100.11134,1.9493895,91.79248
31.33,63.77855,13.447634,0.15,100.2472,3.51,84.44
24.6841,68.416,14.4,0.03,100.33652,3.2285533,141.40457
25.216177,71.96039,14.497409,0.28,100.27,3.78,86.5
31.62,54.62,14.95,0.08,100.26,3.75,109.0
26.139145,74.62591,14.721241,0.04,100.26,4.98,110.81
31.0,57.88,15.037817,44.244595,100.31577,4.76,121.12
26.314602,76.1226,14.77,46.353634,100.21,4.1708665,134.56
30.62,62.25,15.013304,0.0,100.15,4.12,144.19
30.65,75.85994,15.241158,44.43343,100.32443,3.4,174.56
23.393606,56.81,15.26,0.0,100.0,3.64,164.5
31.12,58.75,15.81,29.91951,100.229065,2.965408,161.5
25.445988,69.50526,14.984863,37.13035,100.15,3.44,183.5
30.85,70.19264,15.3103695,41.36401,100.19,4.91,134.44
26.155293,64.0,15.542082,41.643703,100.23,4.8,157.69907
26.775162,55.5,15.491007,0.06,100.34923,4.1,161.5582
31.15,68.67456,15.874148,42.533268,100.43,4.297781,172.54446
31.9,69.75805,16.074928,38.094852,100.39066,4.206256,125.0
26.845562,69.012924,15.56,37.977676,100.33,4.3090405,181.74496
26.609127,64.5,16.30014,32.963585,100.40975,4.031741,155.88
30.78,55.687603,15.99,17.93176,100.173225,4.05,93.40213
30.67,61.34476,15.81,24.590965,100.33217,5.37,125.35021
30.01,63.62,15.702648,27.119019,100.43377,3.4471505,122.81
29.92,63.948227,15.852822,0.89,100.4222,4.18,137.19
27.067404,65.81,15.488897,2.19,100.36517,3.53,159.05579
27.40779,66.95678,18.43,39.23748,100.44,4.155703,173.3714
26.867676,69.06,16.349041,33.144154,100.41412,4.24,156.06
30.22,62.31,15.62,3.09,100.448,3.579202,137.5
28.73,67.994804,16.469315,4.02,100.48179,2.3,169.85889
25.476223,74.06,16.26434,27.069242,100.4,2.48,170.32043
29.44,71.81,13.284485,18.801758,100.1845,1.9,217.69
24.187273,60.77224,19.1,30.063864,100.37,2.9279158,228.19
24.827204,64.14517,19.04,37.24714,100.28,3.3759053,233.94
27.33,85.19,15.219234,8.12,100.39462,3.6851888,140.15831
28.58,74.62,17.7,45.134438,100.33,2.4,214.75
28.55,67.13418,15.213287,2.43,100.36,2.63,219.5
28.82,67.50365,15.589546,44.73731,100.31,2.73,158.52444
27.37,85.38,19.35,38.59,100.4534,4.1309357,151.31
27.66,79.69,18.13,9.54,100.47347,3.829682,118.19
25.426647,76.06,16.113226,29.604961,100.49,3.9831839,168.00107
28.21,55.865246,12.717939,1.92,100.45,2.0922754,119.62
27.5,84.5,19.23,31.697596,100.48,2.88,121.56
29.23,68.1189,18.37,0.19,100.29312,3.3543093,114.44
29.59,69.57503,15.300711,41.328384,100.29,3.45,112.81
26.020582,71.00398,15.843139,42.009518,100.37696,3.71,100.94
28.75,72.77025,15.6131735,5.28,100.2,4.09,108.69
26.138721,73.71434,15.421696,48.54621,100.46,3.33,96.0
29.12,73.9338,15.742247,48.051197,100.372444,4.042395,104.88
28.97,72.73201,18.55,47.268734,100.33,4.102519,159.73688
26.88968,77.44,18.92,47.723083,100.35356,4.2177606,160.1491
29.19,75.69,18.8,18.824793,100.153046,2.1709347,137.62
29.5,63.370636,14.587268,0.89,100.26915,2.95,136.19
29.67,74.75,19.04,1.21,100.31758,3.0999322,136.81
30.22,68.17204,15.246147,38.222996,100.1,3.4453423,137.56
28.69,67.8124,15.128116,43.11632,100.13,2.74,126.56
29.05,66.90663,15.062025,3.2,100.18,3.13,134.94
26.897545,75.56,19.41,3.15,100.18,3.05,140.0
26.883078,68.42998,20.75,53.797684,100.27,4.438192,153.31
27.54,88.44,20.39,55.635654,100.3,2.41,152.88
27.99,86.44,15.154129,53.57481,100.31809,4.4351974,170.12
28.37,55.90283,12.6611595,1.48,100.3,2.62,180.69
25.230095,61.524696,14.014339,32.164692,100.3,2.69,218.75
25.971727,63.68891,20.02,13.41,100.21,4.26,244.94
26.47,92.12,19.96,43.689545,100.34341,3.611861,248.81
26.01,66.1308,15.18108,47.006542,100.22,3.44,244.31
26.3,91.25,15.438589,47.529953,100.36315,3.9248462,260.5
25.96,93.62,15.635651,46.92996,100.36956,3.8783224,231.81
26.389662,87.62,19.41,6.0,100.3,2.12,212.25
27.52,87.19,19.96,49.308723,100.359955,4.0747933,179.38
27.88,86.69,20.26,0.07,100.39,4.163271,191.62
28.12,55.985657,20.2,19.69823,100.25,2.1376376,237.31
28.09,86.06,14.462894,31.693293,100.237625,2.83,124.51541
26.036173,64.64999,15.086022,0.31,100.15,3.3893392,248.31
27.7,88.0,20.45,3.47,100.18,3.7146134,228.62
26.60128,87.69,15.168426,49.034023,100.34825,2.34,148.94464
28.48,85.19,15.253048,0.13,100.26,2.24,247.56
26.765293,87.75,15.1386795,3.26,100.348366,4.3861246,150.8756
27.33,68.92355,20.45,53.16551,100.26,4.510279,160.10431
26.19107,69.85506,16.096062,42.404068,100.41393,3.74,232.75
26.25,69.607254,15.860548,12.59,100.42,3.0,222.81
23.307148,57.604607,12.792646,20.339592,100.32,2.8,111.226776
24.67815,61.919716,19.41,19.36,100.2,4.04,255.88
25.99,64.58998,18.74,38.02323,100.37437,3.4710565,243.75
25.631886,90.0,14.92317,23.4,100.37445,4.96,143.4723
25.80301,88.75,15.244124,44.778507,100.38092,3.6,245.88
27.21,85.81,19.23,2.93,100.31,3.34,242.88
25.86799,71.12866,19.9,38.66,100.37709,3.9182754,142.19632
26.51,84.69,18.19,37.368008,100.39629,3.615264,278.44
26.52,72.31206,16.130896,0.35,100.417244,3.3239415,258.81
26.71,89.06,19.47,0.13,100.49,3.4258442,255.81
26.87,57.454185,12.387342,20.122383,100.44,2.6028762,112.06281
27.08,88.56,14.265331,25.847279,100.354164,3.7,235.31
27.01,88.12,19.59,7.76,100.33,4.48,226.5
26.87,89.0,19.65,19.2,100.38,3.8936534,224.44
27.08,88.06,19.65,1.13,100.38064,3.9393244,244.81
27.01,88.44,19.65,30.414614,100.378,3.09,253.5
27.04,67.458916,19.78,28.760557,100.37556,3.7895129,223.44
26.95,88.5,19.59,0.01,100.37,2.4,201.88
27.066355,67.23178,15.524391,0.01,100.35756,2.21,171.11575
27.47,85.88,19.53,0.2,100.36,2.84,232.44
23.332306,87.69,19.65,2.54,100.31,2.62,233.56
26.34,60.176075,19.1,7.95,100.30913,2.803894,114.711296
24.73718,62.504135,14.985716,0.31,100.36,2.41,238.88
24.852325,84.5,15.332487,38.079117,100.35,2.65,143.1745
27.37,65.04943,15.764278,39.89354,100.21,4.115284,158.03563
27.15,91.0,20.51,40.146255,100.17,2.59,217.06
25.552114,64.53637,15.462397,8.94,100.14,3.05,238.75
26.23,90.5,19.35,34.85,100.11,3.17,259.31
25.78,64.76528,15.577466,23.3,100.42382,2.78,158.92699
25.89,92.5,15.352896,31.8,100.23,3.93,219.81
23.204634,57.166428,12.693231,16.05,100.13694,2.45,99.07875
24.511934,63.01048,14.69371,1.1,100.300026,2.83,160.12
24.976141,84.12,15.012875,40.09925,100.354996,2.09,138.596
26.55,88.88,15.472825,43.864574,100.38795,3.633207,137.56
27.45,85.62,19.47,8.27,100.41422,1.44,217.25
25.362846,90.0,16.223635,40.93601,100.43339,2.16,204.12
26.47,70.63178,16.383173,38.7024,100.44559,2.04,235.44
26.65,86.81,16.012543,40.246616,100.4,3.06,258.81
26.84,88.19,16.06451,39.63377,100.43461,3.71,257.38
26.57,90.88,19.78,6.44,100.16,4.45,253.12
23.732016,89.94,12.2682705,6.14,100.09359,2.2022986,103.70026
25.054323,65.43243,13.796421,31.393019,100.36,4.41,150.4751
25.335634,64.870995,14.591019,38.791782,100.31,3.7931821,243.69
25.500433,88.62,14.894874,43.791855,100.23,4.35,246.62
25.646482,62.959763,14.990398,1.84,100.19,4.3740444,256.56
25.930958,87.38,19.1,49.40019,100.2,4.5946875,167.3333
26.63,89.25,15.138226,49.46076,100.24,5.11,248.75
26.97,65.48349,19.96,39.6123,100.41076,4.4370055,165.46666
27.2,89.06,20.08,7.78,100.45577,5.03,254.94
26.65,67.01396,16.638123,23.006477,100.48952,4.63,253.44
27.12,90.75,20.45,8.48,100.2,2.0947664,241.5
25.791754,89.88,19.84,5.15,100.21282,2.9298208,129.9023
26.99,67.45272,19.59,37.949516,100.3,4.48,159.7318
27.05,65.7743,15.115372,4.22,100.18,3.984951,249.88
26.73,90.75,19.96,3.2,100.39948,4.91,242.44
25.980358,90.5,19.9,49.25496,100.38883,4.3372045,158.21136
26.73,65.58254,20.08,17.27,100.3977,4.398048,160.34106
26.86,64.736694,15.954919,43.075,100.429825,4.66,242.88
26.69,88.38,19.29,40.402496,100.43553,4.27,165.6705
26.520496,88.25,19.84,0.12,100.411194,4.360228,167.18251
27.76,55.554375,12.507542,1.57,100.1516,2.0962029,249.69
24.525806,60.80876,20.94,29.298887,100.19,3.61,240.88
27.53,90.0,14.313003,37.011734,100.15,3.54,218.44
25.23816,64.93314,20.45,39.40754,100.38095,3.6698349,190.06
25.23981,66.773766,15.177149,5.43,100.39946,3.7523417,226.88
26.86,89.0,15.099043,4.42,100.36,3.0,246.94
25.201462,67.120346,15.049326,44.121212,100.28,4.1622834,242.56
25.170252,68.346825,18.68,0.85,100.407455,4.280868,152.84799
25.164087,69.30489,18.49,0.23,100.40905,4.3505635,158.80724
25.147694,70.49063,15.657906,33.69395,100.42062,4.016267,117.94
27.66,83.31,13.17746,18.228462,100.1754,2.02,165.69
24.258652,61.628223,15.126743,24.241442,100.33884,2.45,222.44
24.858152,65.09375,18.62,2.22,100.41,1.66,197.75
25.295332,66.69765,16.02658,1.79,100.41,1.94,161.45576
26.9,89.56,19.84,35.555565,100.3,2.46,235.5
26.401707,90.38,15.759725,36.29656,100.3,2.81,232.62
26.320522,65.56467,15.588726,38.758263,100.21,4.392873,218.12
26.17,90.06,15.690384,32.54,100.25,4.4548354,175.79164
26.3835,66.82329,19.17,38.049644,100.25,2.32,182.51003
26.068521,87.19,16.31907,31.5646,100.448006,4.109016,246.88
23.224873,55.38564,12.734451,5.03,100.18,2.083308,265.81
24.562002,89.44,14.522346,29.416107,100.26354,2.8369064,227.62
27.17,86.0,15.112599,33.95321,100.25,3.3790026,142.35771
26.86,87.94,19.35,20.35,100.39129,3.5943096,174.06
26.299139,66.46686,19.53,31.322525,100.42381,3.643323,197.88
26.9,88.25,15.8096485,7.83,100.27,2.38,195.25
26.16,91.69,15.687933,36.16867,100.40697,3.9833484,165.10153
25.71,90.81,15.901264,32.101162,100.41542,3.8942769,248.75
23.79,68.08667,16.148315,32.818672,100.37,3.2,172.6419
26.13,88.44,18.68,28.051807,100.45514,3.7494404,278.81
23.934875,90.25,19.04,20.268803,100.16127,2.2719142,238.25
26.51,90.31,19.59,31.038927,100.28632,2.89,123.35808
26.14,93.81,15.162878,15.49,100.3,3.63,204.31
26.862335,93.69,19.9,8.69,100.31,3.34,228.5
25.74,93.81,19.53,4.3,100.16,4.95,254.31
26.638609,68.82214,19.65,41.203102,99.95,4.345481,172.6443
26.301006,92.12,16.288088,32.46832,100.43178,4.91,251.38
25.61,91.75,16.652863,23.85,100.46181,3.5965104,216.19
25.93,70.915375,16.182348,13.23,100.51,3.8734756,187.38
25.917507,70.64288,16.219353,0.62,100.44,4.114499,175.56178
26.91,86.31,19.04,19.783606,100.156746,1.56,164.38
26.44,89.5,19.29,1.88,100.35,1.92,157.38
25.53,95.31,19.59,24.32,100.32066,3.4118807,209.81
26.08,87.38,15.344597,37.360718,100.35222,3.7285888,152.87318
26.44,89.5,19.29,12.01,100.3,2.38,190.25
26.562555,67.76777,18.98,40.65275,100.31,4.3504934,173.68056
26.258923,68.76073,19.29,39.476192,100.40071,3.17,178.991
25.798286,69.10596,15.466145,11.12,100.32,4.4422717,233.19
26.52,69.92965,15.857117,3.71,100.444046,1.88,160.27655
26.44,88.75,16.204132,28.39576,100.46994,3.5702496,124.62
27.16,87.69,19.65,1.06,100.26,2.148104,124.88
24.892101,65.7668,19.65,0.69,100.27,3.2747486,152.80835
27.8,67.42023,15.050075,22.31,100.38814,1.72,159.78174
26.99,88.94,19.78,35.42,100.45869,3.4427247,226.0
24.963118,68.12903,15.817092,6.07,100.4,1.64,228.19
24.885006,69.10486,19.29,38.179302,100.472946,3.741727,241.44
26.52,69.56186,16.00744,33.91332,100.48389,3.6529784,150.34903
24.723467,86.31,15.942871,31.690178,100.17,3.8011403,155.13376
26.14,90.5,15.812567,29.86,100.08,1.66,251.0
25.78,68.94067,19.1,20.32,100.4529,2.12,246.69
22.969376,55.369606,12.714666,6.85,100.15331,2.1229045,253.81
26.4,94.06,14.23107,22.920418,100.294044,2.6942382,237.75
24.698872,64.58851,20.14,4.94,100.11,3.81,244.56
24.911863,91.56,20.32,31.290312,100.38768,4.03,249.88
25.02865,94.75,15.086054,35.241776,100.02,3.81,241.0
25.24972,93.69,18.98,15.42,100.04,4.65,247.44
25.470318,71.34334,19.35,42.28409,100.36456,4.74,155.87245
25.537224,93.06,15.298391,33.99,100.36782,4.0321627,234.0
26.57,91.06,19.84,31.80275,100.37744,3.7270768,235.38
25.49358,73.50972,15.454445,15.34,100.27,2.3,267.31
22.818102,56.95071,18.37,9.37,100.15205,2.168285,98.418304
25.99,64.52283,13.768034,24.971603,100.29246,1.96,162.94
26.8,68.56978,19.65,28.0362,100.35196,3.3485858,125.5
27.01,70.860855,15.4845085,8.51,100.37963,3.5443096,217.31
26.17,91.5,15.551194,7.4,100.62,3.829536,163.40775
26.51183,91.38,19.41,4.74,100.64,2.36,128.69
27.2,86.69,15.243578,42.127934,100.65,1.5,143.75
27.151169,80.12,17.58,0.26,100.54,4.44707,170.51424
27.08,82.75,18.37,3.71,100.36364,0.95,164.88
26.739855,70.961174,19.29,2.32,100.28,4.1353493,177.49927
26.53,90.56,13.200273,18.485573,100.18208,2.1860492,251.69
26.59,61.631405,14.841663,27.294298,100.323235,3.62,126.06
27.2,66.38202,14.978144,35.50221,100.59,2.23,111.62
25.986393,89.06,15.261438,40.312733,100.36545,2.71,136.5
26.156693,68.810486,14.96748,1.2,100.62,2.51,105.75
26.329708,87.0,19.53,49.600224,100.3446,2.34,146.15077
26.639326,69.414925,15.118102,50.08891,100.34129,1.88,101.25
26.78,87.69,19.23,5.14,100.48,1.76,98.5
26.54,87.38,14.893122,53.394745,100.44,2.19,139.88
26.04,73.782104,18.86,0.98,100.34691,4.381184,152.30202
23.23918,58.319576,19.47,20.040323,100.158554,2.61,107.0224
27.43,65.55934,13.445776,28.899775,100.2747,2.05,114.62
25.854704,68.80152,19.78,31.809593,100.32077,2.89,109.5
26.05,88.88,18.74,36.21664,100.33642,2.57,66.5
26.58,70.40655,18.01,7.33,100.43,2.17,55.12
25.85,90.06,15.435459,35.558636,100.36779,4.1020875,121.38
26.17,90.44,19.23,35.083683,100.3741,2.48,104.94
26.61,88.75,19.23,5.05,100.41,2.62,122.0
26.632248,70.936516,18.74,7.34,100.45,1.73,151.81
26.34,72.41197,15.161362,45.37139,100.32181,2.7,130.81
23.263063,55.99424,19.17,9.19,100.150986,2.2620642,139.56
26.4,63.12204,14.511248,1.48,100.38,2.01,141.0674
26.16,65.50188,15.423889,33.800877,100.28,3.9602952,167.6517
27.03,87.0,19.35,0.54,100.16,1.56,224.31
27.08,64.51868,20.02,2.39,100.445755,4.2941136,176.48976
27.15,64.66618,15.764519,36.698734,100.27,2.27,172.0
26.23,64.77207,16.06076,8.21,100.48296,4.2324743,173.6042
25.374012,64.7892,16.321018,1.69,100.37,1.79,177.0057
25.58,64.48104,16.077656,37.352654,100.47,4.2966733,182.69
26.04,88.94,18.68,41.47963,100.44,1.7,163.62
25.74,85.38,17.58,0.05,100.39,1.48,184.75
24.3,91.75,14.246852,30.656826,100.256714,2.87,189.19
25.14,90.75,18.13,1.57,100.33,2.48,144.75
26.453667,68.540596,14.755105,44.287827,100.310394,3.61,152.7678
25.02,95.31,15.097166,45.691242,100.32972,4.03252,123.75
24.89,69.51288,15.684908,37.95009,100.38796,3.8753965,154.70819
26.025183,81.44,15.87,35.965355,100.64,1.38,159.29472
25.676254,80.69,15.32,26.89312,100.441734,1.77,148.5
25.480589,70.89837,15.900429,31.242695,100.73,3.7619817,159.38
23.51,72.26079,15.658705,34.942173,100.61,2.16,108.5
23.330154,81.12,15.62,0.0,100.58,1.83,105.31
25.01997,83.19,15.44,0.0,100.24344,2.889401,211.94
24.86,81.56,15.87,0.04,100.66,1.35,138.75
25.12,69.30326,14.982044,0.76,100.34605,3.7095597,162.06
24.39,81.75,15.06732,42.573242,100.66,1.91,130.56
23.99,82.25,15.386116,39.568256,100.370056,3.9890597,191.62
25.95,80.75,15.319686,41.29918,100.62,1.44,145.69
25.51,82.81,15.397398,41.144985,100.53,2.05,162.59875
25.62,83.19,16.97,0.12,100.41,1.41,187.94
26.517586,81.19,17.64,0.36,100.362564,4.1354694,127.19
27.4,81.88,13.115243,19.478275,100.16761,2.1065464,114.81
25.226366,83.38,18.55,31.337397,100.42,2.85166,131.44
24.53,84.69,16.17,0.0,100.45,2.12,111.5
23.95,65.98479,14.642065,44.946568,100.45,2.87,267.94
24.45,65.972466,16.05,0.0,100.3552,3.950106,148.75
26.511707,86.69,15.532255,0.0,100.37813,2.0,129.44
25.66,87.06,17.76,50.52187,100.38236,1.74,150.62239
24.66,68.15304,15.132558,52.38528,100.56,2.86,115.5
25.31,85.56,17.09,0.02,100.54,1.64,110.69
26.29,80.81,17.03,54.627674,100.34689,1.34,81.25
25.31,85.56,17.09,0.02,100.54,1.64,110.69
26.29,80.81,17.03,45.564293,100.35893,1.34,81.25
25.728199,80.38,15.010864,0.25,100.7,1.14,157.74155
26.42,80.69,17.09,0.92,100.77,1.61,94.12
26.088106,84.62,14.973715,0.48,100.360954,4.5962358,156.59143
25.67,70.06494,15.229856,0.12,100.68,2.98,48.38
