YEAR,MO,DY,Temperature,Relative_Humidity,Specific_Humidity,Precipitation,Pressure,Wind_Speed,Wind_Direction,pm25
2017,1,2,26.67,79.38,17.03,0.22,100.49,2.81,90.94,84
2017,1,3,26.91,77.19,16.91,0.06,100.46,1.99,106.56,109
2017,1,4,26.06,80.62,16.85,0,100.39,2.52,115,128
2017,1,5,26.54,81,17.27,0,100.34,3.47,83.19,118
2017,1,6,26.63,79.31,17.09,0.01,100.23,3.06,103.19,87
2017,1,7,25.89,83.12,17.21,0,100.22,3.86,98.5,104
2017,1,8,25.99,81.31,16.78,0,100.25,3.5,112.88,68
2017,1,9,26.44,78.81,16.48,0,100.27,3.05,119.69,79
2017,1,10,26.78,76.5,16.42,0,100.35,2.31,104.19,99
2017,1,11,26.55,77.44,16.36,1.47,100.38,1.77,122.31,112
2017,1,12,26.52,79.31,16.91,0.86,100.28,1.75,298.31,116
2017,1,13,27.84,74.62,17.09,6.63,100.22,1.6,268.69,123
2017,1,14,25.81,84.94,17.58,11.49,100.31,1.57,183.12,112
2017,1,15,25.48,87.81,17.82,3.49,100.46,1.88,95.88,118
2017,1,16,25.45,88.12,17.82,3.78,100.43,3.34,146.62,87
2017,1,17,26.27,82.25,17.33,0.02,100.51,2.61,103.94,103
2017,1,18,26.64,75.81,16.24,0.03,100.68,1.98,47.94,105
2017,1,19,26.29,76.88,16.17,0.09,100.62,2.53,73,125
2017,1,20,26.09,80.19,16.72,0.73,100.65,2.11,104.62,130
2017,1,21,25.9,77.62,15.87,0.4,100.81,2.32,74.38,109
2017,1,22,26.29,74.69,15.69,0.01,100.81,2.71,78.06,121
2017,1,23,26.51,70.81,15.01,0,100.75,2.23,72.31,106
2017,1,24,26.52,74.62,15.81,0.58,100.77,2.11,71.69,111
2017,1,25,26.76,81.31,17.52,1.69,100.78,2.15,81.56,133
2017,1,26,26.89,73.06,15.75,0.05,100.7,2.69,145.88,96
2017,1,27,25.24,64.38,12.45,0,100.72,2.12,56.69,89
2017,1,28,25.39,66.75,12.94,0,100.61,2.08,191.62,124
2017,1,29,26.07,74.19,15.01,0,100.63,1.56,137.31,110
2017,1,30,25.83,77.69,15.75,0,100.58,1.77,180.38,90
2017,1,31,26.76,70.94,15.08,0,100.54,1.41,147.19,101
2017,2,1,27.19,72.81,15.93,1.61,100.55,1.62,182.38,104
2017,2,2,25.91,86.62,18.01,3.85,100.62,1.19,301.69,92
2017,2,3,25.87,80.69,16.6,0.25,100.55,2.21,125.5,87
2017,2,4,27.17,73.88,16.11,0.08,100.44,1.15,171.06,78
2017,2,5,27.46,75.06,16.6,0.27,100.37,2.65,238.56,75
2017,2,6,27.22,68.69,14.65,0.01,100.4,2.12,196.5,93
2017,2,7,25.8,66.5,12.7,0.07,100.46,2.07,178.56,94
2017,2,8,25.93,67.12,12.88,0,100.51,1.84,130.12,120
2017,2,9,26.88,68.12,13.85,0,100.49,1.93,105.19,106
2017,2,10,26.77,69.69,14.47,0.04,100.6,2.1,166.88,117
2017,2,11,27.05,58.06,12.21,0,100.8,3.23,58.56,102
2017,2,12,25.97,57,11.17,0,100.91,1.97,45.19,105
2017,2,13,26.3,56.44,11.17,0,100.98,1.95,67.75,121
2017,2,14,26.58,61.31,12.57,0,101.06,2.83,63.69,118
2017,2,15,26.9,59,12.33,0,100.93,3.27,57.25,97
2017,2,16,25.21,58.25,10.74,0,100.84,2.23,95.81,109
2017,2,17,26.76,64.62,13.49,0,100.77,2.78,98.44,113
2017,2,18,28.23,64.12,14.47,0,100.77,1.82,122.69,122
2017,2,19,28.03,64.5,14.59,0.01,100.61,2.32,169.31,122
2017,2,20,27.51,69.56,15.26,0.07,100.47,3.07,125.81,94
2017,2,21,28.9,67.75,15.87,0.17,100.51,3.09,125.56,75
2017,2,22,28.7,70.19,16.48,0.49,100.55,3.84,116,73
2017,2,23,29.05,65.75,15.26,0,100.57,4.23,120.62,74
2017,2,24,28.92,66.12,15.44,0.09,100.65,4.39,116.62,76
2017,2,25,29.62,61.25,14.77,0.33,100.49,2.55,92.38,117
2017,2,26,29.03,63.94,15.38,1.05,100.47,2.34,85.19,128
2017,2,27,29.93,57.88,14.34,0.01,100.51,2.61,63.69,117
2017,2,28,30.03,55.06,13.67,0.1,100.44,2.48,84.81,94
2017,3,1,29.99,56.75,14.22,0.48,100.46,1.77,105.06,104
2017,3,2,29.6,54.25,13.31,0,100.48,1.85,102.69,119
2017,3,3,28.9,54.56,12.63,0,100.35,2.58,136.38,132
2017,3,4,28.6,58.5,12.88,0,100.35,2.61,161.94,136
2017,3,5,28.16,64.81,14.22,0,100.38,2.84,141.25,97
2017,3,6,28.41,66.31,15.01,0,100.36,3.09,140.69,88
2017,3,7,28.37,60.38,13.12,0,100.42,4.29,132.81,87
2017,3,8,27.99,62.81,13.31,0,100.48,4.19,120.81,85
2017,3,9,28.12,60.62,13.06,0,100.43,5.09,124.38,81
2017,3,10,28.64,61.75,13.61,0,100.41,4.19,132.81,94
2017,3,11,28.62,64.19,14.28,0,100.49,3.88,143.75,101
2017,3,12,28.74,62.94,14.22,0,100.51,3.4,150.06,85
2017,3,13,29.62,60.69,14.71,0.01,100.48,3.23,157.19,91
2017,3,14,28.44,67.06,15.87,0.01,100.51,3.31,156.31,80
2017,3,15,29.5,63.38,15.26,0.01,100.43,4.2,134.31,101
2017,3,16,29.29,67.69,16.54,0.04,100.35,4.5,134.81,96
2017,3,17,29.51,65.44,16.24,0.01,100.41,4.99,129.94,89
2017,3,18,29.34,66.56,15.99,0.44,100.58,5.48,132.69,87
2017,3,19,29.37,67.62,16.48,0.02,100.59,3.87,134.44,94
2017,3,20,30.45,59.94,15.08,0,100.5,4.22,128.44,97
2017,3,21,30.14,62.62,15.93,0.28,100.45,3.91,146.19,5
2017,3,22,29.26,64.25,15.69,1.95,100.4,4.16,153.56,13
2017,3,23,29.73,63.19,15.5,0,100.41,5.19,131.69,56
2017,3,24,30.02,63.56,15.93,0,100.51,5.44,128.31,65
2017,3,25,29.64,64.5,15.93,0.01,100.55,5.62,118.88,67
2017,3,26,29.58,59.12,13.67,0.25,100.58,4.8,113.31,70
2017,3,27,30.26,54.5,13.37,0.66,100.66,4.46,110.75,87
2017,3,28,30.79,54,14.1,0.11,100.59,4.07,109.25,95
2017,3,29,29.48,60,14.89,0.21,100.66,3.48,103.81,90
2017,3,30,30.26,55.88,14.1,0.05,100.69,4.28,107.94,109
2017,3,31,30.3,60.12,15.44,0.37,100.61,3.92,117.94,88
2017,4,1,28.24,70.31,16.48,1.9,100.59,2.89,103.12,92
2017,4,2,29.61,61.75,15.08,2.41,100.58,2.32,97.94,110
2017,4,3,29.44,65,15.99,0.6,100.58,2.97,150.69,97
2017,4,4,29.97,62.06,15.56,0.89,100.54,3.76,135.56,114
2017,4,5,28.17,69.25,16.24,1.13,100.49,3.77,109.25,81
2017,4,6,27.59,77.94,17.52,14.17,100.37,3.54,105.69,71
2017,4,7,28.51,73.69,17.33,0.06,100.39,5.19,117.44,76
2017,4,8,29.73,67.12,16.54,0.02,100.38,5.17,123.12,87
2017,4,9,30.06,66.94,16.97,0.57,100.33,4.95,130.31,73
2017,4,10,30.54,67.12,17.33,0.01,100.26,4.58,144.38,67
2017,4,11,31.29,63.75,16.78,0,100.2,3.41,157.94,66
2017,4,12,31.43,62.75,16.72,0,100.27,3.94,150.75,74
2017,4,13,30.87,61.88,16.11,0,100.49,4.96,130.56,61
2017,4,14,30.85,55,13.67,0,100.45,5.38,120.25,36
2017,4,15,30.97,56,14.28,0,100.38,4.83,115.75,53
2017,4,16,30.9,59.62,15.5,0,100.39,5.34,132.5,48
2017,4,17,31.26,58.31,15.56,0,100.42,3.91,146.69,37
2017,4,18,31.62,57.88,15.87,0.61,100.37,3.33,158.81,48
2017,4,19,31.83,57.75,15.93,0.01,100.34,3.8,177.5,49
2017,4,20,31.92,59.69,16.6,0.01,100.37,4.01,176.69,31
2017,4,21,32.34,59.19,16.54,0.41,100.31,3.64,191.19,38
2017,4,22,32.37,59.56,16.85,4.25,100.29,2.61,206.12,72
2017,4,23,30.51,65.56,17.52,0.16,100.39,2.89,159.06,81
2017,4,24,30.05,66.06,17.09,0.16,100.46,3.4,139.94,70
2017,4,25,30.05,66.62,17.15,0.82,100.42,3.18,146.44,70
2017,4,26,31.62,58.38,15.75,0.09,100.38,3.55,145.81,76
2017,4,27,30.58,63.81,16.97,1.69,100.42,2.3,154.38,70
2017,5,3,31.78,59.94,16.72,0.05,100.41,1.84,164,49
2017,5,4,31.41,62.69,17.4,4.11,100.4,2.7,162.38,33
2017,5,5,30.5,66.81,17.46,3.49,100.53,2.49,169.31,87
2017,5,6,29.4,71,17.64,0.9,100.66,3.92,111.31,77
2017,5,7,30.37,63.5,16.36,0.21,100.6,3.34,124.56,94
2017,5,8,30.59,63.25,16.42,0.28,100.42,3.65,121.88,88
2017,5,9,29.72,68.19,17.27,1.3,100.37,3.52,131.38,77
2017,5,10,29.4,68.56,17.09,1.59,100.48,4.09,109.44,67
2017,5,11,30.46,61.56,15.93,1.79,100.44,4.26,111.31,64
2017,5,12,30.93,60.44,15.99,0.47,100.34,4.62,120.75,65
2017,5,13,30.58,66.06,17.33,0.81,100.26,3.3,130.06,91
2017,5,14,28.28,78.81,18.86,3.86,100.26,2.61,122,85
2017,5,15,29.1,76.44,18.92,2.98,100.16,2.58,147.38,81
2017,5,16,28.5,82.75,20.02,13.68,100.14,2.5,206.19,110
2017,5,17,28.65,81.25,19.71,13.36,100.18,1.55,232.19,86
2017,5,18,28.98,80.94,20.02,6.87,100.3,2.1,202.44,81
2017,5,19,28.52,84.81,20.51,17.72,100.29,2.8,230.44,73
2017,5,20,28.8,82.38,20.2,3.67,100.13,2.64,234.06,106
2017,5,21,29.33,79.38,19.96,1.66,100.04,3.09,226.62,67
2017,5,22,28.92,80.88,19.96,3.12,100.16,3.27,221.31,66
2017,5,23,29.45,76.75,19.35,0.23,100.22,2.78,224.88,69
2017,5,24,29.73,74.62,19.1,0.42,100.16,2.84,231.81,71
2017,5,25,30.19,71.75,18.62,0.82,100.15,2.69,237.31,80
2017,5,26,29.26,75.12,18.74,1.26,100.18,2.92,228.69,77
2017,5,27,28.84,79.25,19.29,3.45,100.16,2.97,230.75,84
2017,5,28,28.88,78.69,19.17,6.37,100.17,2.5,238.25,71
2017,5,29,27.98,83.31,19.47,4.43,100.27,2.04,251.56,91
2017,5,30,28.03,82.62,19.35,2.46,100.34,2.03,184.81,107
2017,5,31,29.4,75.5,18.98,0.17,100.31,1.98,194.5,109
2017,6,1,29.25,76.12,19.04,0.34,100.26,2.77,220.19,38
2017,6,2,29.15,80.12,19.9,1.78,100.31,3.91,236,36
2017,6,7,27.78,78.56,17.88,0.98,100.43,3.56,240.31,38
2017,6,8,28.26,76.75,18.01,1.8,100.32,3.31,249.88,62
2017,6,9,29.67,71.5,17.88,0.47,100.23,3.02,229.25,68
2017,6,10,28.4,79.25,18.92,2.1,100.34,2.82,241.56,70
2017,6,11,28.22,77.69,18.13,4.47,100.38,3.94,254.62,107
2017,6,12,28.57,71.81,17.09,1.39,100.28,2.65,251.44,93
2017,6,13,29.76,68.5,17.21,0.12,100.31,3.36,248.5,92
2017,6,14,28.22,78.12,18.37,1,100.48,3.59,235.69,81
2017,6,15,29.67,70.06,17.52,0.02,100.38,2.54,239.5,72
2017,6,16,29.69,70.94,18.01,0.52,100.29,2.47,228.81,91
2017,6,17,28.25,82.31,19.59,15.48,100.18,2.66,220.44,89
2017,6,18,28.6,78.88,18.98,2.62,100.17,3.37,220.5,85
2017,6,19,29.17,73.5,18.07,0.28,100.18,3.64,239.44,82
2017,6,20,28.36,77.5,18.37,2.5,100.23,4.37,242,76
2017,6,21,27.53,85.12,19.47,17.05,100.22,3.01,250.75,88
2017,6,22,26.05,91.62,19.35,15.49,100.27,3.28,243.75,104
2017,6,23,26.94,83.44,18.31,1.29,100.21,3.09,259.69,86
2017,6,24,26.56,86.06,18.62,4.98,100.14,3.06,248.25,79
2017,6,25,27.11,81.56,18.13,1.42,100.23,3.21,248.25,62
2017,6,26,27.51,82.81,18.8,1.45,100.29,2.33,239.31,78
2017,6,27,27.67,82.81,19.04,1.66,100.29,2.59,212.19,92
2017,6,28,27.26,87.56,19.71,18.92,100.34,2.89,189,61
2017,6,29,27.41,84.75,19.23,0.87,100.32,2.52,198.25,61
2017,6,30,27.51,84.81,19.35,4.2,100.28,2.41,209.31,68
2017,7,1,27.68,82.94,19.04,0.74,100.3,2.63,229.94,78
2017,7,2,28.2,80.06,18.8,0.69,100.29,2.73,248.44,73
2017,7,3,27.9,81.69,19.04,0.16,100.27,2.73,249.38,79
2017,7,4,27.88,79.12,18.25,1.49,100.3,3.11,249.44,77
2017,7,5,27.05,84.25,18.62,4.47,100.39,2.66,256,100
2017,7,6,26.58,85.56,18.49,4.28,100.44,2.95,241.19,94
2017,7,7,27.52,81.31,18.37,4.12,100.38,2.87,242.88,104
2017,7,8,27.92,79.94,18.49,2.22,100.42,2.55,246.12,85
2017,7,9,27.76,82.12,18.98,8.46,100.41,2.27,252.5,75
2017,7,10,27.44,85.44,19.47,5.83,100.33,2.82,239.62,87
2017,7,18,26.12,85.88,18.01,0.57,100.48,2.91,228.19,94
2017,7,19,25.51,89.25,18.19,14.05,100.35,2.62,246,103
2017,7,20,26.05,87.31,18.31,9.84,100.23,4.09,256.5,100
2017,7,21,25.8,88.19,18.25,4.25,100.36,3.4,237.69,83
2017,7,22,26.6,86.38,18.68,8.59,100.41,3.32,246.38,80
2017,7,23,26.8,85.31,18.68,2.23,100.28,3.67,253.5,83
2017,7,24,26.31,90.81,19.53,12.83,100.11,4.71,253.12,89
2017,7,25,25.55,90.88,18.68,8.18,100.05,5.8,235.69,66
2017,7,26,26.48,88.25,19.04,12.82,100.04,4.86,229.94,67
2017,7,27,26.23,90.94,19.41,10.68,100.19,4.15,234.81,51
2017,7,28,26.9,87.06,19.23,0.14,100.3,4.3,231.5,56
2017,7,29,27.38,85.94,19.47,0.07,100.22,4.52,242.5,63
2017,7,30,27.58,85.19,19.53,2.25,100.16,4.73,237.25,71
2017,7,31,27.4,89.69,20.51,23.81,100.18,4.48,237.62,68
2017,8,1,27.59,88,20.26,1.73,100.28,4.26,233.62,70
2017,8,2,27.54,88.69,20.32,6.53,100.24,4.28,235.25,76
2017,8,3,27.4,89.44,20.45,2.58,100.11,4.4,233.62,72
2017,8,4,26.91,90.12,20.02,34.79,100.07,4.3,225.06,72
2017,8,5,26.41,90.38,19.47,19.83,100.23,3.3,222.19,85
2017,8,6,27.22,87.12,19.59,4.21,100.32,2.34,201.94,94
2017,8,7,27.44,87.38,19.9,0.11,100.35,2.18,256.06,93
2017,8,8,27.46,87.44,19.96,0.14,100.4,2.42,235.38,76
2017,8,9,27.08,87.56,19.53,0.11,100.42,2.82,226.5,60
2017,8,10,26.83,89.56,19.71,0.14,100.34,2.24,233.38,81
2017,8,11,27.08,88.62,19.84,0.31,100.3,2.42,241.88,71
2017,8,12,27.23,87.62,19.71,1.25,100.33,2.23,232.5,88
2017,8,13,27.52,86.94,19.9,2.09,100.37,2.58,218.88,57
2017,8,14,27.22,87,19.53,5.19,100.4,2.75,222.44,54
2017,8,15,26.69,90.31,19.78,24.75,100.33,3.12,232.31,44
2017,8,16,26.46,88.62,19.1,2.68,100.22,2.46,237.56,60
2017,8,17,26,88.88,18.68,5.18,100.14,3.01,248.44,72
2017,8,18,25.23,86.94,17.46,8.07,100.26,3.98,269.19,62
2017,8,19,26.55,85.94,18.55,0.76,100.26,2.54,248.62,89
2017,8,20,26.65,87.62,19.04,2.49,100.23,2.76,257.62,65
2017,8,21,26.9,87.5,19.35,0.6,100.11,2.91,258,74
2017,8,22,26.58,89.75,19.53,4.76,100.1,4.02,251.5,54
2017,8,23,25.83,92.25,19.29,6.79,100.18,3.86,242.19,49
2017,8,24,26.9,87,19.17,2.96,100.21,2.97,245.62,51
2017,8,25,26.48,91.94,19.96,19.44,100.17,2.89,245.69,58
2017,8,26,25.86,91.38,19.1,9.31,100,3.55,251.94,58
2017,8,27,26.16,88.12,18.68,2.65,100.08,3.62,221.62,31
2017,8,28,26.98,86.06,19.04,0.68,100.24,2.91,209.38,49
2017,8,29,27.12,85.38,19.04,0.38,100.27,2.33,245.75,75
2017,8,30,26.9,86.5,19.1,0.1,100.32,1.88,219.62,103
2017,8,31,27.15,85.69,19.17,0.15,100.37,2.22,256.75,112
2017,9,1,27.24,86.44,19.47,1.18,100.36,2.61,243,80
2017,9,2,27.54,84.62,19.29,0.09,100.26,3.1,257,59
2017,9,3,27.78,85.19,19.71,2.42,100.24,2.72,240.69,53
2017,9,4,27.49,87.81,20.08,8.99,100.3,2.74,223.75,52
2017,9,5,27.89,85,19.78,3.41,100.34,2.38,206.31,63
2017,9,6,27.6,86.75,19.96,0.72,100.33,2,228.62,58
2017,9,11,27.29,86.94,19.59,3.92,100.42,3,226.75,96
2017,9,12,27.39,83.12,18.74,2.44,100.41,2.7,251.06,104
2017,9,13,28.15,81.88,19.35,8.69,100.26,2.4,257.12,103
2017,9,14,27.48,86.62,19.84,2.22,100.03,3.13,268.38,60
2017,9,18,27.76,84.5,19.53,1.79,100.45,2.74,310.75,66
2017,9,19,27.18,88.38,19.84,2.97,100.36,2.13,264.62,82
2017,9,20,26.77,87.56,19.17,2.14,100.27,2.14,207.5,123
2017,9,21,26.9,87.88,19.41,3.99,100.15,2.59,193.06,139
2017,9,22,26.3,88.12,18.8,8.37,100.26,2.05,211.62,94
2017,9,23,26.52,89.19,19.29,6.48,100.32,3.11,197.44,69
2017,9,24,26.31,89.75,19.17,6.02,100.25,3.27,224.81,62
2017,9,25,26.62,90.81,19.84,15.35,100.25,3.75,228.5,64
2017,9,26,26.58,88.5,19.23,0.29,100.34,1.99,253.12,81
2017,9,27,27.13,87.81,19.65,0.56,100.32,2.41,260.19,82
2017,9,28,26.9,88.62,19.59,2.38,100.27,2.03,242.5,61
2017,9,29,27.38,85.88,19.41,5.19,100.35,2.14,202.56,96
2017,9,30,26.91,89.38,19.78,6.03,100.47,2.04,201.12,47
2017,10,1,26.84,88.19,19.41,23.67,100.39,2.49,219,65
2017,10,2,26.11,91.31,19.35,14.78,100.27,4.11,221.81,51
2017,10,3,25.96,87.12,18.19,12.92,100.38,1.83,197.25,51
2017,10,4,26.94,83.94,18.43,5.83,100.43,1.91,163.06,58
2017,10,5,27.79,82.62,19.17,1.66,100.37,1.35,257.94,89
2017,10,6,26.61,89.12,19.47,2.01,100.32,1.74,210.5,65
2017,10,7,26.29,89.44,19.17,0.66,100.25,1.84,197.56,86
2017,10,8,27.84,81.81,19.04,4.02,100.15,1.98,123.62,76
2017,10,9,27.21,85.75,19.35,14.39,100.02,1.73,200.75,106
2017,10,10,27.67,83.81,19.35,0.07,100,2.67,158.44,75
2017,10,11,26.98,88.56,19.78,4.48,100.17,1.66,200,67
2017,10,12,27.47,85.62,19.59,4.88,100.14,2.13,245.12,95
2017,10,13,26.58,92.69,20.26,34.19,100.06,2.75,280.94,82
2017,10,14,26.05,91.19,19.23,22.24,100.14,2.49,242.56,71
2017,10,15,26.02,92.75,19.59,9.27,100.09,3.82,246.06,43
2017,10,16,26.34,89.88,19.29,1.57,100.19,3.26,259.12,57
2017,10,17,25.86,91.75,19.17,9.2,100.29,2.54,276.38,70
2017,10,18,25.94,91.5,19.17,20.04,100.34,3.45,284.88,69
2017,10,19,26.25,91.19,19.47,5.15,100.3,2.44,291.44,69
2017,10,20,26.63,89.5,19.41,7.34,100.42,1.78,193.56,72
2017,10,21,26.07,92.62,19.59,4.7,100.39,1.85,251.88,84
2017,10,22,26.45,90.88,19.59,11.64,100.43,2.88,160.31,58
2017,10,23,25.77,92.44,19.17,44.79,100.54,3.32,146.38,69
2017,10,24,27.05,86.12,19.04,2.61,100.65,1.62,147.62,106
2017,10,25,27.08,86.25,19.1,0.59,100.67,1.68,204.44,107
2017,10,26,26.8,84.06,18.31,1.39,100.56,2.09,161.12,134
2017,10,27,26.35,85.25,18.19,4.22,100.4,1.48,243.19,109
2017,10,28,26.76,80.44,17.46,0.69,100.44,0.98,194.81,117
2017,10,29,26.61,80.81,17.4,0.45,100.51,1.82,59.25,119
2017,10,30,25.98,81.06,16.85,0.02,100.48,2.34,86.06,135
2017,11,13,26.04,90.19,18.98,1.56,100.28,1.61,130.31,114
2017,11,14,26.52,87.44,18.86,1.08,100.35,2.5,123.5,126
2017,11,15,26.65,87.81,19.1,0.32,100.37,2.75,109.31,137
2017,11,16,26.81,88.44,19.41,0.27,100.42,2.85,113.12,48
2017,11,17,27.33,87.19,19.78,0.11,100.33,1.67,201.12,89
2017,11,18,27.78,85.56,19.96,2.02,100.2,1.81,196.94,75
2017,11,19,26.38,86.94,18.62,11.36,100.17,2.48,240.5,68
2017,11,20,26.03,88.44,18.49,1.43,100.38,4,130.62,70
2017,11,21,26.63,87.06,18.8,0.06,100.36,2.45,112,82
2017,11,22,27.37,85.62,19.35,0.08,100.25,1.87,136.5,112
2017,11,23,27.26,86.81,19.59,1.07,100.28,1.74,155.94,126
2017,11,24,26.97,87.25,19.35,1,100.34,2.31,87.31,108
2017,11,25,26.5,86.06,18.55,0.66,100.48,1.75,181.62,96
2017,11,26,27.23,83.44,18.68,0.21,100.45,2.59,82.25,79
2017,11,27,27.12,84.44,18.86,1.85,100.26,2.13,132.44,87
2017,11,28,25.98,87.81,18.37,2.89,100.31,2.33,73.94,97
2017,11,29,25.55,90,18.43,9.76,100.31,1.98,83,128
2017,11,30,26.33,84.25,17.88,1.01,100.29,1.98,96.62,115
2017,12,1,26.84,81.62,17.94,1.13,100.25,1.62,133.25,116
2017,12,2,26.64,86.81,18.86,1.38,100.31,2.52,69.75,106
2017,12,3,26.76,87.12,19.1,5.37,100.35,1.83,139.12,105
2017,12,4,26.77,89.12,19.59,6.36,100.3,2.02,102.38,90
2017,12,5,26.23,86.88,18.43,1.25,100.42,1.29,82.25,119
2017,12,6,26.6,80.88,17.46,0.03,100.44,1.13,176.44,149
2017,12,7,27.56,79.5,18.13,0,100.46,0.85,132.06,106
2017,12,8,26.44,80.19,17.09,0.2,100.57,1.55,61.44,126
2017,12,19,21.46,72.5,11.47,0.01,100.84,3.62,96.12,121
2017,12,20,19.9,71.5,10.38,0.23,100.95,4.8,179.75,98
2017,12,21,22.48,76.31,12.94,0.77,100.69,4.83,149.44,74
2017,12,22,24.89,82.62,16.11,2.52,100.48,2.52,185.56,87
2017,12,23,26.69,76.06,16.42,0,100.32,1.05,146.06,86
2017,12,24,25.11,77.38,15.26,0,100.34,2.52,125.81,78
2017,12,26,24.92,84.81,16.72,2.23,100.39,4.5,96.19,60
2017,12,27,25.83,83.81,17.33,1.73,100.46,2.81,100.94,86
2017,12,28,26.77,83.81,18.19,0.18,100.46,2.16,183.25,111
2017,12,29,26.99,81.25,17.82,0.07,100.51,2.16,128.62,109
2017,12,30,26.76,78.19,16.91,0,100.49,2.35,68.88,100
2017,12,31,24.97,73.62,14.22,0,100.53,3.13,102.12,89
2018,1,1,24.98,70.69,13.61,0,100.41,1.91,110.94,96
2018,1,2,25.37,71.69,14.16,0,100.37,1.72,82.31,104
2018,1,3,26.55,76.56,16.24,0.06,100.3,1.85,157.75,135
2018,1,4,27.29,78,17.27,0.05,100.26,2.1,191.12,121
2018,1,5,26.9,81.81,17.82,0.03,100.28,2.85,140.88,61
2018,1,6,26.49,80.56,17.15,0,100.32,4.26,128.56,57
2018,1,7,26.51,82,17.46,0.01,100.46,3.84,129.75,55
2018,1,8,27.01,79.19,17.15,0.04,100.48,3.07,123,61
2018,1,9,27.53,77.5,17.21,0,100.54,2.59,123.38,74
2018,1,10,27.54,69.5,15.5,0.01,100.64,1.88,42.81,113
2018,1,11,25.86,67.5,13.73,0,100.65,2.23,76.94,89
2018,1,12,24.76,65.94,12.57,0,100.69,2.3,40.75,78
2018,1,13,24.83,66.44,12.57,0,100.65,1.81,154.12,126
2018,1,15,25.7,73.12,14.77,0,100.47,1.34,203.31,132
2018,1,16,26.44,75.88,15.99,0,100.38,1.41,207.31,122
2018,1,17,27.05,72.19,15.44,0,100.34,1.4,180.75,109
2018,1,18,27.16,72.81,15.75,0.32,100.33,1.65,213.5,134
2018,1,19,26.05,81.88,17.03,10.44,100.4,1.77,175.81,115
2018,1,20,26.9,76.75,16.54,4.67,100.34,2.48,74,122
2018,1,21,27.12,78,17.15,1.78,100.26,1.32,217.44,118
2018,1,22,26.9,80.56,17.64,1.83,100.23,0.98,188.94,141
2018,1,23,27.63,77.88,17.58,0.47,100.2,1.6,139.25,106
2018,1,24,27.69,73.38,16.54,0.1,100.17,1.91,125.06,109
2018,1,25,27.58,73.44,16.48,0.22,100.15,1.89,149.19,108
2018,1,26,28.06,71,16.24,0,100.19,1.51,177.5,117
2018,1,27,28.31,70.62,16.3,0.02,100.25,1.55,103.19,130
2018,1,28,28.12,74.62,17.15,4.75,100.29,1.75,236.62,97
2018,1,29,28.12,74.56,16.97,2.71,100.39,1.45,182.44,97
2018,1,30,27.98,73.38,16.66,0,100.44,1.67,203,116
2018,1,31,28.28,71,16.48,0.07,100.52,1.53,137,119
2018,2,1,28.34,64.38,14.83,0.19,100.54,1.88,148.44,112
2018,2,2,27.96,65.69,14.77,0,100.64,1.3,134.75,118
2018,2,3,27.25,58.31,12.39,0,100.71,2.43,29.69,137
2018,2,4,25.54,57.12,10.86,0,100.8,2.13,194.38,123
2018,2,5,25.13,58.5,10.86,0,100.89,1.7,95,140
2018,2,6,23.87,58.44,10.01,0,100.86,1.6,140.19,147
2018,2,7,24.26,64.94,11.35,0,100.75,2.33,198.56,142
2018,2,8,24.69,65,11.66,0,100.68,2.81,161.62,135
2018,2,9,25.45,67.5,12.7,0,100.63,2.32,171.38,126
2018,2,10,26.19,67,13.12,0,100.7,2.35,212.12,126
2018,2,11,26.81,66.88,13.61,0,100.75,1.94,149.44,137
2018,2,12,27.51,58.19,12.45,0,100.86,2.31,45.94,124
2018,2,13,27.11,56.31,11.78,0,100.9,1.77,150.06,134
2018,2,14,27.41,61.69,12.94,0,100.88,2.28,246.62,142
2018,2,15,27.65,64.88,13.61,0,100.76,2.88,201.19,133
2018,2,16,28.15,66.38,14.71,0,100.59,2.79,173.12,123
2018,2,17,28.33,66.44,14.89,0,100.47,2.77,148.62,92
2018,2,18,28.49,68.5,15.99,0.39,100.45,3.57,121.88,71
2018,2,19,28.88,62.5,14.47,0.02,100.46,4.38,115.94,72
2018,2,20,28.76,59.25,13.31,0.03,100.38,3.77,119.12,73
2018,2,21,28.69,63.62,14.47,0.07,100.31,3.99,123.25,69
2018,2,22,29.6,61.38,14.71,0.01,100.29,3.62,118,79
2018,2,23,30.07,57.12,13.79,0,100.41,3.79,110.38,90
2018,2,24,29.62,53.81,12.39,0,100.59,3.53,113.06,85
2018,2,25,29.84,56.75,13.67,0,100.5,2.66,110.38,98
2018,2,26,30.27,49.06,12.02,0,100.43,2.05,126.69,110
2018,2,27,30.04,53.19,13.37,0,100.4,2.47,177.25,114
2018,2,28,30.36,55.88,14.34,0,100.36,3.09,93.5,86
2018,3,1,30.08,60.88,15.38,0,100.3,4.07,127.06,53
2018,3,2,29.12,65.5,15.75,0,100.33,3.55,131.5,69
2018,3,3,29.29,66.38,16.11,0.02,100.29,4.26,139.31,68
2018,3,4,30.19,60.56,15.01,0,100.32,3.78,141.56,73
2018,3,5,30.03,63.75,15.99,0,100.38,4.59,134,73
2018,3,6,30.03,61.19,14.65,0,100.41,4.45,128.56,74
2018,3,7,30.49,56.31,13.73,0,100.37,4.41,119.94,81
2018,3,8,30.67,51.88,12.88,0,100.37,4.08,117.56,89
2018,3,9,31.2,46.56,12.15,0,100.42,2.65,73,108
2018,3,10,30.39,47.75,12.33,0,100.53,2.38,73.5,117
2018,3,11,29.8,46.69,11.29,0,100.55,3.11,120.56,104
2018,3,12,30.47,49.12,12.33,0,100.52,2.6,147,123
2018,3,13,30.23,53.56,13.67,0.05,100.48,2.86,145.75,85
2018,3,14,29.99,56.94,14.16,0,100.42,4.2,133.69,52
2018,3,15,29.48,63.06,15.32,0.41,100.48,4.92,144.88,54
2018,3,16,28.63,68.62,16.17,5.8,100.51,3.93,124.69,50
2018,3,17,29.69,62.69,15.08,0.06,100.47,5.17,121.38,61
2018,3,18,30.35,57.75,14.16,0.32,100.53,4.58,124,68
2018,3,19,30.56,58.31,14.65,0,100.43,4.27,135.81,65
2018,3,20,30.35,60.06,14.95,0.03,100.41,4.32,138.75,66
2018,3,21,30.63,56.88,14.65,0.38,100.39,3.5,123.81,79
2018,3,22,29.76,59.38,15.01,2.28,100.29,2.44,127.38,106
2018,3,23,29.91,53.88,13.12,1.15,100.34,3.28,118.94,107
2018,3,24,30.47,51.19,12.88,0,100.48,3.28,97.06,105
2018,3,25,30.3,52.69,13.31,0.01,100.62,2.91,154.44,85
2018,3,26,30.83,52,12.88,0,100.59,2.59,136.44,95
2018,3,27,30.04,55.5,13.55,0.09,100.48,2.8,189.69,107
2018,3,28,29.8,58.94,14.59,0.33,100.44,3.08,221.69,105
2018,3,29,29.54,59.5,14.77,0,100.45,4.59,146.06,81
2018,3,30,29.28,62,15.14,0.05,100.46,3.49,124.44,93
2018,3,31,30.23,57.06,14.4,0.02,100.36,2.11,139.31,92
2018,4,1,30.62,52.5,13,0.12,100.34,2.46,148.88,91
2018,4,2,29.9,52.56,12.7,0,100.4,3.1,143.38,88
2018,4,3,30.02,55.94,13.79,0,100.4,2.89,168.25,74
2018,4,4,29.95,55.44,13.55,0,100.33,4.53,133.12,66
2018,4,5,30.15,58.62,14.83,0,100.28,4.6,132.69,65
2018,4,6,30.25,61,15.56,0.01,100.33,4.8,125.75,68
2018,4,7,31.71,51.12,13.73,0.06,100.43,4.34,82.69,77
2018,4,8,31.62,46.19,12.82,0.09,100.5,2.83,67.81,98
2018,4,9,31.25,47.94,12.63,0,100.46,4.73,107.75,112
2018,4,10,31.76,52.81,14.47,0.02,100.35,4.08,112.81,89
2018,4,11,32.1,56.88,15.81,0,100.27,4.41,127,60
2018,4,12,31.9,55.69,15.08,0.01,100.25,5.16,131.56,58
2018,4,13,31.7,59.06,15.93,0,100.31,5.09,131.38,59
2018,4,14,31.89,57.69,15.5,0,100.22,4.97,131.19,59
2018,4,15,32.23,57.62,16.05,0.01,100.24,4.04,121.38,60
2018,4,16,32.94,52.12,15.14,0.01,100.3,4.09,120.69,66
2018,4,17,33.06,48.81,14.4,0.37,100.4,2.54,133.81,73
2018,4,18,31.6,55.69,15.32,1.06,100.43,3.7,179.81,91
2018,4,19,31.47,55.12,15.2,0.02,100.32,3.34,116.25,72
2018,4,20,31.9,52.5,14.47,0,100.3,5.17,123.75,76
2018,4,21,31.48,55.06,14.77,0.05,100.33,5.06,134.5,76
2018,4,22,31.07,61.5,16.54,0.03,100.3,4.71,132,83
2018,4,23,31.4,60.44,16.54,2.67,100.21,3.38,141.19,77
2018,4,24,31.25,59,15.87,2.12,100.21,2.59,126.88,59
2018,4,25,32.58,53.12,15.26,0.16,100.22,2.91,129.62,51
2018,4,27,32.48,53.88,15.38,0.11,100.4,4.43,120.56,49
2018,4,28,32.15,53.69,15.2,0.2,100.43,3.95,120.62,46
2018,4,29,31.62,59.12,16.17,1.21,100.42,4.55,135.94,49
2018,4,30,30.55,63.56,16.3,9.82,100.44,3.45,139.31,57
2018,5,1,31.31,60.94,16.42,0.68,100.45,2.77,126.5,53
2018,5,2,30.99,60.12,16.11,0.01,100.49,2.24,157.5,46
2018,5,3,31.04,60.12,16.42,0.08,100.51,2.3,113.25,56
2018,5,4,29.71,64.56,16.42,2.47,100.56,3.94,119,82
2018,5,5,29.85,66.62,16.91,0.99,100.58,3.69,132.12,88
2018,5,6,29.89,68.12,17.4,1.2,100.57,2.46,164.5,59
2018,5,7,31.12,62.38,16.78,0.94,100.38,2.57,210.25,80
2018,5,8,30.75,65.38,17.58,1.74,100.29,2.88,222.5,84
2018,5,9,29.71,72.88,18.49,5.44,100.41,2.46,218.25,71
2018,5,10,29.25,74.31,18.49,1.47,100.49,1.56,177.44,109
2018,5,11,30.65,63.56,16.6,0.02,100.4,3.29,135.75,79
2018,5,12,30.66,64.38,17.03,0.09,100.37,3.36,140.12,82
2018,5,13,29.7,69.31,17.76,0.15,100.4,3.6,135.25,81
2018,5,14,31.04,63.12,16.91,0.96,100.32,2.98,129.81,81
2018,5,15,29.64,73.12,18.62,4.84,100.24,2.81,131.25,62
2018,5,16,30.33,68.31,17.58,4.77,100.19,3.27,137.5,54
2018,5,17,30.07,70.62,18.13,13.14,100.19,2.38,154.94,55
2018,5,18,31.39,62.56,17.03,0.14,100.12,1.09,198.56,95
2018,5,19,30.45,67.5,17.88,6.4,100.11,1.33,207.31,75
2018,5,20,29.68,71.62,18.13,2.7,100.16,1.55,150.31,86
2018,5,21,29.63,71.19,17.88,6,100.2,2.42,138.69,87
2018,5,22,28.06,80.38,18.98,10.83,100.35,1.62,106.81,116
2018,5,23,29.82,68.19,17.03,2.62,100.29,2.48,105.88,84
2018,5,24,28.95,76.75,18.8,11.27,100.28,1.8,128.44,113
2018,5,25,29.26,74.12,18.31,1.25,100.21,1.57,160.25,97
2018,5,26,29.89,71.44,18.31,3.09,100.28,2.13,144.06,98
2018,5,27,29.41,75.44,19.04,3.88,100.34,1.14,155.06,97
2018,5,28,28.68,82.5,20.14,7.52,100.36,1.4,161.75,108
2018,5,29,27.62,85.25,19.59,11.29,100.4,1.97,140.25,106
2018,5,30,29.08,75.69,18.62,0.1,100.35,2.49,120.75,75
2018,5,31,28.96,77.69,19.17,2.46,100.37,1.55,203.38,73
2018,6,1,28.01,78.69,18.31,8.09,100.41,2.37,255.94,65
2018,6,2,26.17,92.62,19.78,79.03,100.25,3.45,261,80
2018,6,3,26.17,88.19,18.68,7.62,100.11,3.77,278.62,63
2018,6,4,26.73,87.62,19.17,6.07,100.14,3.27,267.5,66
2018,6,5,27.35,86.31,19.53,8.24,100.28,3.39,259.44,59
2018,6,6,28.08,83.69,19.65,1.56,100.26,3.76,254.44,78
2018,6,7,27.31,86.62,19.53,5.11,100.26,4.48,270.12,71
2018,6,8,26.69,85.88,18.68,8.92,100.23,4.84,272,64
2018,6,9,26.58,84.5,18.19,6.72,100.28,5.05,262.25,66
2018,6,10,27.11,86.31,19.23,8.6,100.4,3.52,256.75,70
2018,6,11,26.26,89.19,18.98,5.66,100.52,3.19,241.25,78
2018,6,12,26.37,85.81,18.25,5.21,100.54,2.73,284.75,83
2018,6,13,27.33,81.31,18.31,0.61,100.37,2.4,229.62,71
2018,6,14,27.8,81,18.62,0.04,100.21,4.41,276,79
2018,6,15,27.45,83.56,18.98,3.47,100.21,4.75,271.81,54
2018,6,16,26.22,88.69,18.86,19.87,100.23,4.85,244.06,35
2018,6,18,26.47,92.62,20.08,22.74,100.1,4.22,215.94,17
2018,6,19,26.73,90,19.71,2.25,100.27,4.13,223,35
2018,6,20,27.19,88.75,19.96,3.67,100.38,3.31,211.25,44
2018,6,21,26.89,90.88,20.08,8.35,100.41,2.78,235.56,49
2018,6,22,27.05,87.88,19.59,1.34,100.31,2.97,239.81,61
2018,6,23,26.53,90.62,19.71,17.78,100.28,2.01,241.44,70
2018,6,24,27.22,86.06,19.35,4.62,100.29,2.77,241.31,68
2018,6,25,26.69,86.06,18.8,2.03,100.32,2.32,226.81,74
2018,6,26,26.59,87.25,18.92,16.81,100.37,2.05,235.44,65
2018,6,27,26.53,85.56,18.37,3.58,100.44,1.73,225.56,87
2018,6,28,26.9,84.19,18.55,0.3,100.34,1.62,222.44,109
2018,6,29,27.15,85.12,19.04,3.14,100.18,2.29,240.5,78
2018,6,30,27.05,87.5,19.53,12.46,100.19,3.13,245.88,68
2018,7,1,26.83,90.38,19.96,14.34,100.28,3.15,237,60
2018,7,2,26.51,90.12,19.53,8.65,100.3,3.75,235.38,62
2018,7,3,26.7,88.75,19.41,6.97,100.28,4.02,233.94,50
2018,7,4,26.55,88.44,19.17,7.49,100.25,5.24,239.88,32
2018,7,5,26.45,88.5,19.1,3.11,100.23,4.77,241.5,42
2018,7,6,26.21,89.25,18.98,11.22,100.14,4.94,237.69,52
2018,7,7,25.86,90.62,18.92,16.62,100.05,4.77,246.25,53
2018,7,8,25.9,90.69,18.98,11.36,100.03,3.77,268.19,55
2018,7,9,27,88.25,19.65,9.39,100.06,4.3,254.62,56
2018,7,10,26.29,89.88,19.23,27.81,100.06,4.01,252.12,57
2018,7,11,26.13,91.12,19.35,7.22,100.06,4.98,253.25,44
2018,7,12,25.94,88.56,18.55,6.36,100.05,6.08,245.81,32
2018,7,13,26.3,88.75,18.98,8.74,100.01,5.54,252,41
2018,7,14,25.76,90,18.68,14.26,100.09,6.27,247.44,49
2018,7,15,25.51,90,18.43,15.77,100.16,5.07,256.31,59
2018,7,16,26.45,87.38,18.8,12.1,100.06,5.16,251.94,58
2018,7,17,26.12,89.25,18.92,5.3,99.89,5.47,237.56,50
2018,7,18,26.55,90.94,19.84,6.86,99.91,5.28,228.38,49
2018,7,19,26.58,91.75,20.02,11.16,100.14,4.65,226.5,61
2018,7,20,26.69,91.06,19.96,4,100.22,3.81,237.31,70
2018,7,21,26.76,90.81,19.96,8.53,100.23,4.23,245.5,62
2018,7,22,26.73,89,19.53,3.35,100.21,5.48,246.25,58
2018,7,23,26.58,91.12,19.84,5.13,100.17,4.52,245.12,62
2018,7,24,26.71,90.88,19.96,4.97,100.23,4.22,246,58
2018,7,25,26.6,90.75,19.78,5.2,100.26,4.12,244.12,69
2018,7,26,27.33,87.5,19.84,3.29,100.24,4.16,252.94,71
2018,7,27,26.76,89.88,19.78,3.89,100.24,3.99,243.94,65
2018,7,28,27.01,87.75,19.53,4.23,100.22,3.57,249.19,60
2018,7,29,26.68,89.88,19.65,4.85,100.21,3.77,255.38,52
2018,7,30,26.47,90.81,19.59,2.5,100.26,3.37,251.5,51
2018,7,31,26.97,87.12,19.29,0.04,100.29,3.55,276.25,76
2018,8,1,27.05,85.19,18.92,0.15,100.32,4.12,261,81
2018,8,2,26.33,89.12,19.04,5.22,100.29,4.46,257,61
2018,8,3,25.86,87.5,18.19,5.07,100.28,4.58,250.06,66
2018,8,4,26.43,88.62,19.04,6.23,100.19,4.06,257.62,60
2018,8,5,25.92,89.94,18.8,13.23,100.18,4.83,248.94,64
2018,8,6,25.55,92.38,18.92,10.19,100.18,4.18,258.94,80
2018,8,7,25.84,89.5,18.62,4.58,100.07,4.45,261.06,78
2018,8,8,25.75,90.88,18.86,5.36,100.04,4.22,256.25,65
2018,8,9,25.42,90.06,18.31,6.56,100.2,5.1,248.19,60
2018,8,10,25.89,89.5,18.68,14.57,100.29,5.11,231.12,52
2018,8,11,26.21,88.88,18.86,1.49,100.2,5.21,243.12,53
2018,8,12,26.18,89.12,18.92,5.77,100.15,5.87,242.31,59
2018,8,13,26.32,88.81,18.98,13.72,100.22,5.02,238.25,64
2018,8,14,26.01,89.56,18.8,22.63,100.23,4.59,243.31,83
2018,8,15,26.19,90.25,19.17,14.46,100.26,4.41,245.81,73
2018,8,16,26.63,86.75,18.86,2.62,100.08,5.45,248.88,73
2018,8,17,26.42,90.69,19.65,11.05,99.89,4.45,234.25,58
2018,8,18,26.37,91.12,19.65,14.89,100.04,4.27,219.69,58
2018,8,19,26.38,89.69,19.23,6.71,100.24,3.73,234.06,65
2018,8,20,26.31,90.5,19.35,7.35,100.28,3.73,250.5,64
2018,8,21,26.47,90,19.47,6.6,100.14,4.04,250.62,64
2018,8,22,27.01,89.12,19.9,5.34,100.1,4.02,234.12,65
2018,8,23,26.55,91,19.78,0.69,100.25,3.73,233.62,58
2018,8,24,26.54,89.69,19.41,1.57,100.29,3.08,237.69,62
2018,8,25,26.61,87.75,19.04,0.43,100.2,4.16,254.56,61
2018,8,26,26.18,88.38,18.74,2.78,100.16,4.17,258.62,54
2018,8,27,25.83,89.94,18.68,5.14,100.33,3.47,253.81,64
2018,8,28,26.41,88.19,18.86,0.4,100.39,3.8,248,60
2018,8,29,26.76,85.94,18.74,0.6,100.31,4.36,251.5,73
2018,8,30,26.66,87.75,19.1,3.22,100.27,3.94,237.81,63
2018,8,31,26.78,87.62,19.17,0.66,100.39,3.36,238.12,77
2018,9,1,26.7,87.12,18.98,10.74,100.43,3.2,266.88,66
2018,9,2,26.58,89.5,19.47,2.34,100.25,2.95,247.31,69
2018,9,3,25.62,92.62,19.04,8.03,100.36,4.1,239.06,53
2018,9,4,25.69,89.44,18.37,4.39,100.44,3.53,238.06,61
2018,9,5,26.5,86,18.49,3.91,100.34,3.59,261.69,52
2018,9,6,26.68,88.06,19.29,12.27,100.13,3.66,272.56,53
2018,9,7,26.48,90.19,19.53,7.16,100.11,2.77,256.94,75
2018,9,8,25.99,91.5,19.29,9.02,100.21,2.22,232.81,78
2018,9,9,26.87,85.88,18.86,1.06,100.38,2.57,197.94,82
2018,9,10,26.85,87.5,19.23,1.04,100.56,2.14,256.31,63
2018,9,11,26.39,87.94,18.86,5.32,100.45,2.51,253.44,73
2018,9,12,25.82,93.19,19.41,38.38,100.29,3.25,255,62
2018,9,13,26.18,89.5,18.98,7,100.21,3.58,244.81,79
2018,9,14,25.56,90.06,18.43,10.72,100.27,3.66,242.56,55
2018,9,15,26.12,89.12,18.86,3.32,100.14,3.56,231.94,54
2018,9,16,26.04,90,18.98,6.06,99.99,4.68,233.88,43
2018,9,17,25.83,90.88,18.98,14.21,100.14,5.21,225.62,39
2018,9,18,25.49,92.38,18.86,12.15,100.36,3.25,236.62,45
2018,9,19,27.01,85.19,18.86,1.33,100.33,1.99,277.81,68
2018,9,20,26.58,87.94,19.04,0.54,100.32,2.52,130.62,102
2018,9,21,26.66,88.38,19.29,23.7,100.39,2.71,139.44,77
2018,9,22,26.16,90.19,19.1,5.29,100.59,3.02,128.12,71
2018,9,23,26.42,87.31,18.68,4.36,100.61,2.34,133.88,93
2018,9,24,26.37,87.12,18.62,10.2,100.54,1.41,241.5,121
2018,9,25,26.55,86.62,18.68,0.45,100.38,2.7,259.94,71
2018,9,26,27.23,84.56,18.92,0.6,100.29,2.3,269.44,63
2018,9,27,26.9,89.12,19.71,1.74,100.24,2.16,243.5,62
2018,9,28,26.89,90.44,20.08,0.66,100.22,1.98,216.75,64
2018,9,29,27.68,85.06,19.59,2.07,100.23,2.76,127.12,68
2018,9,30,26.68,89.5,19.59,13.3,100.27,2.29,157.94,39
2018,10,1,25.33,93,18.8,4.76,100.38,2.33,242,84
2018,10,2,26.28,87.75,18.68,4.72,100.39,1.38,271.81,98
2018,10,3,26.29,90.12,19.23,2.38,100.42,1.31,172.19,81
2018,10,4,26.51,86.56,18.62,1.14,100.46,3.15,114.44,59
2018,10,5,25.65,93.31,19.23,20.39,100.5,2.52,123.19,56
2018,10,6,26.85,86.19,18.86,2.07,100.5,2.23,98.12,102
2018,10,7,27.32,82.44,18.49,1.23,100.5,2.17,103.31,102
2018,10,8,27.33,82.44,18.49,0.53,100.43,1.84,100.12,118
2018,10,9,26.94,81.75,17.82,1.09,100.43,2.14,106.94,100
2018,10,10,27.51,81.88,18.43,0.54,100.42,1.83,89.69,89
2018,10,11,28.31,80.25,18.98,0.01,100.48,1.8,91.38,84
2018,10,12,28.05,80.12,18.68,0,100.54,2.01,92.12,89
2018,10,13,27.85,81.31,18.74,0.76,100.57,1.99,75.75,86
2018,10,14,27.18,86.12,19.23,3.82,100.6,2.55,120.69,72
2018,10,15,26.75,86.38,18.8,1.86,100.61,2.84,117.56,56
2018,10,16,26.66,86.56,18.74,1.03,100.57,2.59,133.12,44
2018,10,17,27.27,85.25,19.17,12.58,100.45,1.31,216.88,50
2018,10,18,25.51,92.69,18.98,16.9,100.39,2.47,175.38,106
2018,10,25,26.44,89.38,19.17,0.63,100.63,1.95,161.62,53
2018,10,26,27.73,81.44,18.62,0.11,100.66,1.7,110.38,66
2018,10,27,27.74,84.19,19.41,1.99,100.57,2.23,88.06,69
2018,10,28,27.73,82.88,19.1,0.05,100.5,1.57,103.44,62
2018,10,29,28.06,79.94,18.8,0.03,100.39,1.38,179.94,110
2018,10,30,26.44,76.56,16.3,0,100.41,1.44,107.56,103
2018,10,31,25.23,76.5,15.14,0.01,100.48,2.03,88.88,91
2018,11,1,26.59,77.19,16.66,0,100.44,1.32,108,101
2018,11,2,27.69,76.5,17.52,0.07,100.51,0.8,97.62,108
2018,11,3,27.49,82.38,18.68,0.5,100.59,2,92.44,101
2018,11,4,27.05,85.5,18.98,0.02,100.53,2.15,217.69,69
2018,11,5,27.8,82.75,19.1,0.2,100.4,1.52,134.88,91
2018,11,6,28.14,79,18.55,4.24,100.4,1.82,86.94,91
2018,11,7,26.03,89.94,18.92,29.59,100.44,3.19,77.25,50
2018,11,8,25.96,89.56,18.74,1.46,100.41,3.16,97.94,42
2018,11,9,26.58,86.19,18.62,0.19,100.36,2.91,93.44,46
2018,11,10,27.6,78.19,17.76,0,100.43,2.22,88.12,59
2018,11,11,27.35,82.25,18.49,0.08,100.47,2.41,99.81,57
2018,11,12,27,86,19.04,0.25,100.42,1.78,208.44,73
2018,11,13,27.12,81.69,18.07,0.14,100.29,1.94,98.56,78
2018,11,14,26.23,85.31,17.94,2.03,100.37,2.37,105.94,80
2018,11,15,26.9,83.12,18.13,0.82,100.46,2.71,108.81,83
2018,11,16,27.15,84.06,18.62,0.36,100.55,2.5,122.44,77
2018,11,17,26.39,88.12,18.8,2.77,100.56,2.09,121.25,78
2018,11,18,26.76,83.81,18.25,5.48,100.54,1.52,203.31,74
2018,11,19,25.65,89.38,18.31,0.86,100.6,3.75,163.5,47
2018,11,20,26.3,85.25,18.01,0.2,100.63,3.38,108.06,53
2018,11,21,26.77,80.31,17.27,0,100.56,1.53,114.75,77
2018,11,22,26.62,81.12,17.33,0.02,100.57,1.51,131.81,90
2018,11,23,26.61,83,17.88,0.18,100.56,2.62,251.94,73
2018,11,24,24.97,91.62,18.19,9.16,100.41,4.71,333.69,58
2018,11,25,24.66,93.44,18.25,29.9,100.12,7.05,260.25,31
2018,11,26,25.23,91.62,18.43,3.17,100.38,6.27,128.19,38
2018,11,27,26.19,86.19,18.07,0.03,100.66,3.41,120.81,48
2018,11,28,26.47,85.69,18.31,0.01,100.67,1.9,81.75,99
2018,11,29,26.86,82.69,17.94,0.03,100.7,2.59,94.75,68
2018,11,30,26.34,81.25,17.15,0,100.68,1.84,74.88,93
2018,12,1,26.94,83.62,18.31,0,100.52,2.14,83.56,79
2018,12,2,27.15,83.81,18.62,0,100.43,2.05,135.94,67
2018,12,3,27.1,82.12,18.19,0,100.46,2.58,69.44,91
2018,12,4,26.93,82.88,18.19,0,100.48,3.21,97.19,82
2018,12,5,26.15,77.44,15.93,0,100.4,1.88,82.88,61
2018,12,6,27.34,80,18.01,0.04,100.28,1.95,92.69,77
2018,12,7,26.65,84.44,18.37,1.69,100.41,2.19,99.31,91
2018,12,8,26.11,82.94,17.33,0.09,100.49,2.81,86.69,57
2018,12,9,26.91,80.31,17.58,0.41,100.49,2.37,86.62,76
2018,12,10,27.01,81.31,17.82,0.89,100.47,2.86,93.75,52
2018,12,11,26.85,81.44,17.7,0.5,100.54,3.57,97.06,74
2018,12,12,26.96,79.75,17.33,0.25,100.59,3,87.44,93
2018,12,13,26.9,80,17.46,0.13,100.66,2.56,45.94,80
2018,12,14,27.28,77.69,17.27,0.5,100.63,2.88,38.38,80
2018,12,15,26.76,83.31,18.13,6.1,100.65,2.54,68.88,67
2018,12,16,26.32,88.25,18.8,8.64,100.72,2.16,47.62,64
2018,12,17,26.62,80.94,17.46,0.02,100.74,1.6,66.94,105
2018,12,21,27.05,80.12,17.52,0,100.52,1.96,145.69,112
2018,12,22,26.65,79.38,16.97,0.01,100.52,2.05,110.75,104
2018,12,23,26.83,77.25,16.72,0.87,100.46,1.38,92.25,121
2018,12,24,26.8,80.12,17.4,1.58,100.39,1.55,170,86
2018,12,25,27.4,80.94,18.19,0.35,100.36,1.07,185.44,98
2018,12,26,26.4,86.56,18.55,1.25,100.32,1.82,244.81,77
2018,12,27,25.74,89.81,18.62,9.52,100.29,1.05,219.75,91
2018,12,28,25.73,86,17.7,3.56,100.38,1.5,210.56,111
2018,12,29,25.41,87.56,17.64,2.24,100.54,2.4,177.94,100
2018,12,30,25.9,82.38,17.03,0.34,100.66,2.09,127.19,79
2019,1,1,23.7,79.12,14.47,1.77,100.74,5.09,262.94,63
2019,1,2,23.58,85.19,15.5,6.3,100.67,4.12,100.94,76
2019,1,3,24.81,83.56,16.3,0.76,100.69,3.55,62.69,80
2019,1,4,25.66,84.62,17.21,7.49,100.79,3.8,91.31,63
2019,1,5,25.66,82.56,16.72,0,100.77,3.95,98.94,69
2019,1,6,26.23,79.88,16.66,0.03,100.72,4.23,91.62,84
2019,1,7,25.68,75.56,15.01,0,100.69,3.2,90.06,61
2019,1,8,25.87,75.56,15.38,0.09,100.69,3.7,85.44,91
2019,1,9,26.13,75.56,15.62,0.04,100.72,3.05,94.75,76
2019,1,10,26.73,71.12,15.14,0.03,100.69,4.08,96.69,66
2019,1,11,26.43,72.44,15.08,0.18,100.66,2.88,82.25,87
2019,1,12,27.69,72.12,16.24,0.08,100.6,2.01,86.25,88
2019,1,13,27.77,68.62,15.5,0,100.57,1.8,128.12,104
2019,1,14,26.31,61.88,12.39,0,100.5,1.23,154.44,99
2019,1,15,27.09,69.19,14.95,0.82,100.5,1.59,116.44,118
2019,1,16,27.41,75.06,16.6,1.52,100.55,1.7,169.5,99
2019,1,17,27.55,71.12,15.81,0.04,100.54,2.95,137.38,86
2019,1,18,27.03,66.69,14.28,0.02,100.58,2.67,72.19,82
2019,1,19,27.01,65.94,13.85,0,100.54,2.18,70.5,90
2019,1,20,28.07,66.75,15.08,0,100.56,1.84,130.31,107
2019,1,21,28.33,65,14.83,0,100.61,2.19,48.19,91
2019,1,22,27.66,64.12,14.28,0.04,100.73,2.36,71.12,111
2019,1,23,26.32,62.06,12.45,0,100.74,1.84,56.69,114
2019,1,24,24.98,59.69,10.8,0,100.79,1.92,127.94,108
2019,1,25,25.61,62.12,11.66,0,100.84,1.4,103.12,121
2019,1,26,26.14,61.06,12.15,0,100.79,1.56,118.38,115
2019,1,27,26.39,62.06,12.76,0,100.79,1.41,123.44,105
2019,1,28,26.58,60.25,12.21,0,100.74,1.79,98.62,123
2019,1,29,27.37,66.5,14.22,0.01,100.72,2.12,130.38,104
2019,1,30,28.01,60.75,13.61,0,100.73,3.4,105.44,85
2019,1,31,27.53,59.75,12.51,0,100.77,1.89,135.69,87
2019,2,1,28.21,60.81,13.55,0,100.73,2.2,94.56,94
2019,2,2,28.35,60.69,14.04,0,100.66,2.45,114.56,83
2019,2,3,28.7,66.06,15.2,0,100.7,2.92,122.31,73
2019,2,4,28.58,67.12,15.32,0,100.73,3.41,124.19,63
2019,2,5,28.44,64.75,14.71,0,100.7,3.48,114.19,68
2019,2,6,28.05,65.44,14.22,0,100.62,4.3,130,59
2019,2,7,28.61,68.56,15.56,0,100.65,3.69,133,57
2019,2,8,28.54,67.5,15.08,0,100.63,3.31,136.62,64
2019,2,9,28.37,64.69,14.34,0,100.68,3.88,133.81,66
2019,2,10,27.69,62.25,13.06,0,100.84,5.47,115.19,59
2019,2,11,28.73,55.19,12.51,0.07,100.88,4.9,95.5,71
2019,2,12,28.79,57.69,13.37,1.16,100.96,4.59,86.12,67
2019,2,13,28.21,55.94,12.15,0,100.92,4.58,105.44,75
2019,2,14,28.58,53.81,11.9,0,100.74,4.45,109.12,69
2019,2,15,28.15,54.06,11.54,0,100.8,4.25,106,68
2019,2,16,28.36,58.38,12.82,0,100.77,4.43,113.69,67
2019,2,17,28.42,65.75,14.71,0,100.69,4.15,124.75,63
2019,2,18,28.2,67.62,15.14,0,100.68,4.59,133.94,61
2019,2,19,28.66,65.69,15.14,0,100.76,4.84,130.69,69
2019,2,20,28.9,65.06,14.83,0,100.87,4.46,128.06,54
2019,2,21,29.77,63.31,15.38,0,100.74,4.38,126.88,46
2019,2,22,29.23,62.75,14.89,0,100.65,4.52,129.75,46
2019,2,23,28.71,58.62,13.43,0,100.56,4.83,122.25,44
2019,2,24,28.7,59.56,13.55,0,100.54,4.25,135,47
2019,2,25,28.61,60.56,13.73,0,100.58,6.12,118.06,51
2019,2,26,28.48,57.62,12.76,0,100.54,5.73,114.25,67
2019,2,27,29.09,54.19,12.27,0,100.37,4.22,120.25,76
2019,2,28,29.08,57.5,13.37,0,100.43,4.69,123.56,63
2019,3,1,29.11,58.06,13.31,0,100.5,4.03,117.44,66
2019,3,2,28.65,54.94,12.21,0,100.42,4.33,119.75,52
2019,3,3,28.33,58.62,13.12,0,100.39,4.05,136.94,56
2019,3,4,28.04,63.19,13.98,0,100.42,4.5,143.62,43
2019,3,5,27.81,64.12,13.49,0,100.49,4.25,138.38,37
2019,3,6,29.13,62.31,14.22,0,100.57,3.43,153.75,44
2019,3,7,29.63,60.88,14.47,0,100.53,3.38,149.38,31
2019,3,8,29.72,59.69,14.4,0,100.57,4.59,138.06,34
2019,3,9,29.74,60.31,14.59,0,100.54,4.36,139.94,23
2019,3,10,29.9,58.69,14.04,0,100.61,3.6,166.69,37
2019,3,11,30.61,58.94,14.53,0.23,100.55,2.88,177.62,54
2019,3,12,30.05,62.62,15.75,0.2,100.62,4.1,149.12,52
2019,3,13,30.61,54.38,13.79,0,100.64,4.83,128.62,69
2019,3,14,30.43,56.56,14.59,0,100.75,4.91,126.06,59
2019,3,15,30.75,55.44,14.04,0,100.69,4.52,119.44,78
2019,3,16,31.21,53.5,13.98,0.14,100.66,3.01,114.94,99
2019,3,17,31.57,53.5,14.53,0.26,100.6,3.34,108.75,95
2019,3,18,30.89,53.12,13.18,0.05,100.55,4.41,111.25,76
2019,3,19,30.53,56.25,14.22,0,100.5,5.22,124.56,48
2019,3,20,30.55,58.31,14.83,0,100.47,4.66,129.81,39
2019,3,21,30.6,61.31,15.99,0.13,100.46,4.41,139.5,36
2019,3,22,30.79,61.44,16.3,2.07,100.43,3.07,151.31,40
2019,3,23,29.94,67.88,17.21,4.58,100.42,4.43,135.25,24
2019,3,26,30.75,56.88,14.59,0.01,100.58,6.02,108.75,57
2019,3,27,30.41,58.44,14.89,0,100.64,6.02,119.19,54
2019,3,28,30.5,62.06,15.93,0.01,100.53,4.13,139.56,55
2019,3,29,30.74,61.94,16.24,0.02,100.36,4.25,159.38,51
2019,3,30,30.87,62.5,16.42,2.27,100.38,3.52,157.44,55
2019,3,31,30.93,60.56,16.11,0.02,100.53,4.77,135.62,57
2019,4,1,30.71,59.62,15.38,0.02,100.61,5.41,123.5,70
2019,4,2,30.66,55.19,13.61,0.03,100.57,4.5,120.62,76
2019,4,3,30.6,61.69,16.05,2,100.57,4.61,127.81,82
2019,4,4,28.86,72.88,17.58,10.52,100.59,3.29,134.19,77
2019,4,5,29.04,65.62,15.75,0.57,100.58,3.49,143.38,76
2019,4,6,30.58,57.88,14.53,0,100.51,4.34,129.44,78
2019,4,7,30.8,62.06,16.17,0,100.49,4.98,127.69,69
2019,4,8,30.8,62.06,16.36,0,100.38,4.42,135.75,59
2019,4,9,31.28,56.31,15.08,0,100.37,4.49,132.5,47
2019,4,10,31.93,59.25,16.17,0,100.33,3.7,132.31,35
2019,4,11,32.09,60.19,16.91,0.7,100.22,3.35,150.62,44
2019,4,12,30.54,62.38,16.6,2.16,100.31,3.56,150.62,44
2019,4,13,29.51,70,17.64,6.76,100.41,2.93,137.38,47
2019,4,14,30.32,66.31,16.85,1.31,100.45,3.45,143.44,38
2019,4,15,31.14,62.75,16.85,0.01,100.44,3.16,135.75,40
2019,4,16,31.12,63.19,17.4,0.2,100.41,3.3,136.81,57
2019,4,17,30.9,66.19,18.07,0.9,100.39,3.09,148.88,59
2019,4,18,31.12,63.12,17.27,1.01,100.31,3.76,142.5,64
2019,4,19,31.21,56.12,15.14,0,100.2,2.8,161.38,14
2019,4,20,32.23,57.19,16.54,0.12,100.11,3.7,176.94,15
2019,4,21,32.19,58.75,16.85,0.26,100.06,4.45,148.75,17
2019,4,22,32.25,56.31,15.69,0,100.15,5,138.12,38
2019,4,23,33.01,56.81,16.48,0.14,100.21,4.55,116.31,67
2019,4,24,33.32,53.94,15.93,0,100.22,4.91,123.88,73
2019,4,25,32.69,56.44,16.54,0.01,100.22,5.01,128.88,75
2019,4,26,32.26,56.81,16.24,0.02,100.2,4.85,136.25,61
2019,4,27,30.73,67.94,18.49,1.85,100.35,4.09,130.12,64
2019,4,28,29.85,73,18.8,2.48,100.47,3.2,158.19,74
2019,4,29,30.73,67.38,18.07,0.08,100.37,3.85,128.19,93
2019,4,30,32.26,58.19,16.66,0,100.3,3.54,158.44,56
2019,5,1,30.76,64,17.4,2.96,100.29,2.37,223.19,64
2019,5,2,29.3,80.06,20.26,21.76,100.35,2.52,172.44,64
2019,5,3,28.78,81.25,19.9,2.11,100.45,2.16,183.81,90
2019,5,4,30.11,74.5,19.41,2.71,100.45,2.74,173.94,66
2019,5,5,31.31,69,18.98,0.54,100.28,3.22,214.06,73
2019,5,6,30.54,71.06,19.1,0.2,100.18,3.24,228.62,66
2019,5,7,30.62,70.88,19.1,1.22,100.05,2.81,209.44,69
2019,5,8,30.13,74.56,19.65,5.33,100.05,3.96,207.81,67
2019,5,9,28.86,82.31,20.32,8.56,100.14,2.91,228,80
2019,5,10,28.19,82.81,19.53,10.9,100.34,2.6,231.25,87
2019,5,11,28.87,77.62,18.86,4.5,100.36,2.45,222.69,109
2019,5,12,29.17,77.81,19.23,5.06,100.31,2.81,205.81,95
2019,5,13,29.56,75.88,19.1,0.59,100.27,3.2,195,73
2019,5,14,29.57,76.06,19.1,1.87,100.3,3.08,193.25,76
2019,5,15,29.51,77.75,19.59,6.21,100.38,2.39,190.19,83
2019,5,16,29.14,80.19,19.9,20.98,100.39,2.71,217.44,67
2019,5,17,28.87,80.81,19.9,0.51,100.33,2.77,227.56,65
2019,5,18,29.38,77.94,19.59,3.71,100.26,3.45,225.12,60
2019,5,19,28.49,83.38,20.14,6.39,100.34,2.66,221,56
2019,5,20,28.68,82.69,20.14,3.5,100.35,2.66,225.25,63
2019,5,21,28.91,79.75,19.53,2.73,100.32,2.73,213.5,69
2019,5,22,29.08,78.38,19.23,5.37,100.36,2.34,234.12,82
2019,6,2,29.23,78.12,19.47,2.44,100.28,2.09,155.75,98
2019,6,3,29.26,76.19,19.1,1.22,100.26,1.08,219.62,90
2019,6,4,29.11,79,19.59,7.65,100.27,1.52,179.31,97
2019,6,5,28.48,81.94,19.65,13.55,100.25,2.75,134.81,94
2019,6,12,28.1,87.88,20.87,10.06,100.25,3.28,252,68
2019,6,13,28.13,87.44,20.81,0.11,100.26,3.52,237.81,73
2019,6,14,28.08,85.88,20.32,0.5,100.25,3.45,245.44,67
2019,6,15,28.22,87.25,20.81,4.85,100.25,3.72,257.31,81
2019,6,23,26.96,90.38,20.14,3.7,100.16,3,174.56,40
2019,6,24,27.39,88.75,20.2,2.34,100.32,2.92,197.56,45
2019,6,25,27.71,88.5,20.51,5.09,100.39,2.36,230.69,61
2019,6,26,27.23,90.56,20.45,8.28,100.31,3.51,243.5,68
2019,6,27,26.65,90.5,19.78,4.63,100.2,4.1,250,57
2019,6,28,26.95,89.62,19.96,30.16,100.18,4.06,239,65
2019,6,29,27.12,89.06,19.96,5.7,100.23,3.51,249.38,72
2019,6,30,27.12,88.69,19.9,13.7,100.19,4.61,255.62,73
2019,7,1,25.44,90.06,18.31,28.65,100.23,4.45,249.62,68
2019,7,2,24.78,91.56,17.94,31.19,100.23,3.52,269.62,70
2019,7,3,25.47,91.62,18.68,21.64,100.31,4.44,246.31,54
2019,7,4,26.06,89.44,18.8,10.98,100.45,3.07,236.25,54
2019,7,5,26.74,88.69,19.41,73.2,100.34,2.82,192.25,73
2019,7,6,27.1,88.56,19.84,7.23,100.24,3.42,259.31,71
2019,7,9,27.05,87.31,19.41,0.84,100.41,3.34,247.75,76
2019,7,10,27.11,87.31,19.47,0.08,100.39,3.12,243.69,77
2019,7,11,26.95,88.5,19.59,0.02,100.54,2.73,260.75,81
2019,7,12,26.87,89.31,19.71,5.79,100.46,2.93,239.38,80
2019,7,13,26.9,89.5,19.78,3.39,100.39,3.11,236.31,69
2019,7,14,26.79,89.75,19.71,0.91,100.23,3.6,245.12,67
2019,7,15,26.88,88.56,19.65,2.31,100.14,3.91,249.25,75
2019,7,16,26.66,89.94,19.71,11.11,100.13,3.84,235.56,62
2019,7,17,26.47,90.06,19.53,5.03,100.04,4.45,240,57
2019,7,18,26.27,92.81,19.96,5.5,100.03,3.12,235.62,52
2019,7,19,26.82,91.19,20.2,4.23,100.12,3.93,228.44,49
2019,7,20,27.29,88.56,20.02,2.17,100.22,3.24,236.56,53
2019,7,21,27.49,87.56,20.02,0.09,100.23,2.48,256.69,71
2019,7,22,26.69,89.88,19.71,0.39,100.22,3.8,258.69,59
2019,7,23,25.47,87.12,17.7,2.28,100.29,2.78,222.44,72
2019,7,24,27.46,85.75,19.47,3.9,100.3,3.56,266.62,64
2019,7,25,26.18,89,18.8,2.8,100.53,3.32,253.94,71
2019,7,26,26.42,88.12,18.86,1.24,100.4,2.92,269.38,70
2019,7,27,26.36,89.88,19.29,1.97,100.29,3.09,276.12,70
2019,7,28,26.45,86.81,18.62,1.98,100.36,3.3,270.44,77
2019,7,29,26.63,88.69,19.29,1.57,100.36,3.83,252.62,63
2019,7,30,26.8,86.88,19.04,5.73,100.21,4.12,255.94,75
2019,7,31,26.86,90.19,19.96,11.27,100.12,5.06,251.06,73
2019,8,1,26.62,90.19,19.65,4.94,100.28,4.9,243.38,70
2019,8,2,25.69,90.31,18.62,25.7,100.33,5.64,242.06,56
2019,8,3,26.01,91.38,19.29,7.9,100.2,6.09,241,50
2019,8,4,25.93,92.31,19.41,9.6,100.11,5.68,241.88,51
2019,8,5,26.44,88.69,19.1,8.67,100.12,5.43,244.94,62
2019,8,6,25.57,92.5,19.04,22.65,100.13,5.11,247.56,55
2019,8,7,25.71,91.88,19.1,39.2,99.99,5.99,256.19,54
2019,8,8,25.72,93.69,19.53,28.57,99.91,5.59,249.62,55
2019,8,9,26.36,92.38,19.96,14.29,99.9,5.66,239.75,46
2019,8,10,26.15,93.5,19.96,8.68,100.06,4.54,220.19,47
2019,8,11,26.5,92.19,20.02,2.86,100.18,3.9,221.38,57
2019,8,12,27.04,90.75,20.26,3.63,100.27,3.21,221.06,78
2019,8,13,27.15,90.88,20.45,0.05,100.35,3.46,244,80
2019,8,14,27.16,89.81,20.2,0.18,100.32,3.62,255.44,74
2019,8,15,27.38,90.69,20.69,1.32,100.28,4.08,243.81,53
2019,8,16,27.23,90.75,20.57,0.42,100.3,4.16,216.62,50
2019,8,17,26.56,91.31,19.84,0.63,100.46,2.95,215.88,77
2019,8,18,27.16,87.88,19.65,0.22,100.47,2.79,239.25,107
2019,8,19,27.15,88.94,19.96,0.42,100.29,3.28,253.06,86
2019,8,20,27.18,90.94,20.57,6.33,100.19,3.53,246.62,65
2019,8,21,27.21,88.94,20.02,4.61,100.27,2.95,227.69,79
2019,8,22,26.99,89.62,19.9,1.66,100.37,2.85,243.56,75
2019,8,23,26.91,89.81,19.9,0.15,100.38,3.33,260.44,66
2019,8,24,26.94,88.94,19.71,0.58,100.27,3.61,259.81,71
2019,8,25,26.46,90.44,19.53,1.95,100.3,3.66,252,54
2019,8,26,26.55,89.94,19.53,0.74,100.27,3.3,255.5,55
2019,8,27,27.02,88.5,19.71,0.4,100.18,3.37,256.44,65
2019,8,28,26.81,90.44,19.96,7.62,100.11,3.2,257,60
2019,8,29,26.15,93.88,20.02,27.75,100,5.17,234.5,55
2019,8,30,26.38,90.25,19.47,11.9,100.01,5.8,218.5,52
2019,8,31,26.51,92.19,20.02,16.37,100.16,3.37,225.25,58
2019,9,1,26.45,91.12,19.71,2.85,100.24,3.84,247.19,63
2019,9,2,25.91,92.12,19.35,14.09,100.13,5.47,243,36
2019,9,3,25.27,92.06,18.62,3.57,100.12,6.39,240.31,48
2019,9,4,25.64,89.5,18.43,13.94,100.2,6.23,241.44,55
2019,9,5,26.24,88.38,18.8,1.22,100.2,5.02,247.19,49
2019,9,6,26.51,88,18.98,1.87,100.24,4.61,244.94,58
2019,9,7,26.66,88.56,19.35,3.95,100.32,4.55,243.25,69
2019,9,8,26.46,91.38,19.78,14.85,100.38,4.21,236.31,74
2019,9,9,26.42,91.69,19.78,15.81,100.37,4.09,240.12,68
2019,9,10,26.61,87.62,18.98,0.42,100.48,3.22,253.94,80
2019,9,11,26.42,88.81,19.04,0.38,100.63,2.67,279.62,76
2019,9,12,26.78,88.12,19.35,0.99,100.47,3.06,297,89
2019,9,13,26.16,92.81,19.71,5.3,100.33,3.16,270.5,76
2019,9,14,25.97,89.25,18.68,5.98,100.35,2.49,255.19,70
2019,9,15,25.15,93.75,18.8,13.94,100.24,2.95,216.25,52
2019,9,16,26.44,91.38,19.78,19.14,100.18,2.93,207.94,57
2019,9,17,26.21,93.25,19.9,24.6,100.25,3.24,221.75,48
2019,9,18,25.8,93.12,19.35,23.08,100.41,2.38,237.94,50
2019,9,19,26.03,90.31,18.98,1.77,100.5,1.98,226.75,73
2019,9,20,26.55,88,19.04,2.98,100.44,2.02,207.62,132
2019,9,21,25.86,90.88,18.92,6.9,100.44,1.85,225.62,120
2019,9,22,26.66,82.88,17.94,4.98,100.57,1.5,224.88,126
2019,9,23,26.96,84.12,18.62,0.41,100.67,1.34,89.31,98
2019,9,24,27.98,79.38,18.37,0.04,100.59,1.4,136.31,120
2019,9,25,28.52,79,18.8,0.02,100.6,1.41,86.81,94
2019,9,26,27.44,86.75,19.71,1.9,100.65,1.45,191.62,104
2019,9,27,28.49,79,18.8,3.11,100.61,1.05,138.25,115
2019,9,28,27.92,83,19.29,1.68,100.57,1.84,174.94,118
2019,9,29,27.9,80.94,18.62,0.14,100.57,1.34,173.5,88
2019,9,30,27.15,86.94,19.47,1.32,100.49,1.75,206.25,102
2019,10,1,26.5,89.94,19.41,2.13,100.55,2.1,194.19,98
2019,10,2,26.95,86.62,19.17,0.72,100.56,1.88,160,99
2019,10,3,27.08,85.81,19.04,0.77,100.54,1.51,187.19,122
2019,10,4,26.87,85.69,18.8,3.26,100.51,1.69,162.31,87
2019,10,5,26.72,85.62,18.62,3.66,100.45,1.58,133.19,68
2019,10,6,27.22,82.06,18.31,0.17,100.52,1.23,110.31,68
2019,10,7,27.45,81.62,18.43,0.44,100.48,1.73,104.94,62
2019,10,8,27.32,84.5,18.92,0.95,100.5,2.59,117.5,78
2019,10,9,27.33,86.38,19.47,0.7,100.45,1.39,97.62,105
2019,10,10,27.48,82.62,18.62,0.28,100.46,1.59,90.06,100
2019,10,11,27.51,82.94,18.86,1.38,100.43,1.72,157.75,76
2019,10,12,27.38,83.19,18.8,1.78,100.39,2.06,130.38,61
2019,10,13,27.28,86.25,19.41,0.51,100.45,2.2,130.62,90
2019,10,14,27.21,83.31,18.55,2.23,100.52,2.38,99.25,73
2019,10,15,27.67,84.62,19.41,2.32,100.49,2.55,95.31,82
2019,10,16,27.46,85.44,19.35,2.45,100.46,2.98,97.31,93
2019,10,17,27.37,86.38,19.53,2.05,100.39,2.84,109.38,108
2019,10,18,27.22,86.44,19.35,4.75,100.46,3.47,102.88,116
2019,10,19,26.84,89.56,19.71,3.96,100.56,2.3,104.81,116
2019,10,20,27.7,85.31,19.65,1.04,100.5,2,96.75,106
2019,10,21,28.05,83,19.41,1.07,100.34,1.21,219.31,125
2019,10,22,27.36,84.81,19.23,1.17,100.29,1.67,183.06,129
2019,10,23,27.55,84.44,19.23,2.14,100.31,1.77,108.94,91
2019,10,24,27.83,82.75,19.1,1.08,100.4,2.36,102.81,103
2019,10,25,27.85,80.12,18.43,1.32,100.44,1.56,91.56,121
2019,10,26,27.68,83.31,19.1,1.16,100.41,2.73,87.88,105
2019,10,27,27.53,83.75,19.04,1.71,100.35,2.44,96,121
2019,10,28,28,82.75,19.29,0.53,100.37,1.53,115,103
2019,10,29,27.8,80.06,18.43,0.03,100.37,1.67,175.62,99
2019,10,30,26.07,85.75,18.07,0.96,100.23,2.63,289.06,112
2019,10,31,26.14,87.69,18.55,3.17,100.12,3.12,243.25,93
2019,11,1,26.38,88.5,18.98,3.46,100.36,2.64,148.81,100
2019,11,2,26.51,86.5,18.68,3.27,100.41,1.55,151,79
2019,11,3,26.76,83.06,18.07,3.58,100.44,0.81,258.06,109
2019,11,4,26.13,88.75,18.74,2.91,100.44,2.09,275.88,113
2019,11,5,26.69,85.19,18.43,8.4,100.35,2.34,88.69,150
2019,11,6,26.51,88.88,19.23,42.36,100.28,1.91,205.25,155
2019,11,7,26.16,90.19,19.1,5.05,100.41,3.07,130.19,157
2019,11,8,26.34,81.69,17.27,1.42,100.57,1.92,190.69,222
2019,11,9,24.76,81.75,15.69,0.57,100.54,2.93,225.06,169
2019,11,10,22.19,89.88,15.01,12.11,100.38,3.74,336.5,163
2019,11,12,24.99,84.12,16.42,0.01,100.48,1.85,171.62,166
2019,11,13,26.17,87.25,18.37,0.66,100.6,2.41,111.88,156
2019,11,15,24.87,82.25,16.05,0.43,100.51,1.84,98.25,111
2019,11,16,26.45,82.62,17.58,0.17,100.53,1.8,102.94,118
2019,11,17,26.68,85.62,18.55,0.12,100.52,2,173.06,97
2019,11,18,26.91,85.44,18.8,0.38,100.53,1.72,102.81,82
2019,11,19,26.36,80.19,16.91,0.01,100.53,2.04,53.5,101
2019,11,20,25.56,75.25,15.14,0,100.55,1.57,49.62,100
2019,11,21,26.15,77.31,16.17,0,100.58,1.47,134.44,129
2019,11,22,26.11,80.56,16.78,0,100.59,1.59,168.31,130
2019,11,23,26.64,81.38,17.58,0.2,100.58,0.82,105.56,126
2019,11,24,27.08,83.31,18.49,0.43,100.55,1.98,106.75,110
2019,11,25,26.88,84.44,18.49,0.31,100.6,1.35,128.38,112
2019,11,26,27.55,81,18.37,0.05,100.47,1.75,164.06,101
2019,11,27,27.28,80.31,17.88,0.07,100.43,3.06,65.06,86
2019,11,28,26.91,80.75,17.64,0,100.47,2.77,63.75,86
2019,11,29,26.94,82.19,18.07,0.01,100.5,2.45,89.94,88
2019,11,30,27.15,80.56,17.88,0.01,100.51,2.45,79.88,88
2019,12,1,26.73,78.19,16.97,0,100.51,1.52,171.88,89
2019,12,2,25.88,78.06,16.11,0.03,100.58,1.87,88.19,101
2019,12,3,24.38,73.25,13.73,0,100.68,2.41,98.12,111
2019,12,4,23.32,75.19,13.18,0,100.73,2.07,144,108
2019,12,5,23.69,74.81,13.49,0,100.79,2.8,208.88,113
2019,12,6,22.8,71.5,12.21,0,100.83,3.82,87.75,70
2019,12,7,22.39,72.12,12.08,0,100.82,2.77,147.06,104
2019,12,8,22.47,75.5,12.63,0,100.87,2.38,215.88,89
2019,12,9,23.84,72.81,13.12,0,100.8,1.9,160.44,96
2019,12,10,24.61,77.56,14.71,0,100.67,0.95,153.75,128
2019,12,11,25.14,77.06,15.01,0,100.62,0.98,222.94,130
2019,12,12,25.56,75,14.95,0.01,100.64,1.15,151.31,122
2019,12,13,25.65,76.06,15.26,0,100.72,1.86,129.69,118
2019,12,14,26.84,73.44,15.87,0,100.71,1.84,76.44,110
2019,12,15,26.64,74.88,16.11,0,100.6,1.81,91.69,87
2019,12,16,27.04,73.75,15.99,0,100.51,3.11,93.75,84
2019,12,17,27.18,70.88,15.38,0,100.58,2.26,69.94,91
2019,12,18,27.5,72.69,16.24,0,100.61,2.16,87.62,96
2019,12,19,27.46,72.94,16.11,0,100.59,1.7,96.38,106
2019,12,20,27.13,68.81,14.71,0,100.5,1.44,98.75,105
2019,12,21,26.55,70,14.47,0,100.55,1.54,87.25,103
2019,12,22,26.79,74.75,15.75,0,100.56,1.52,147.75,105
2019,12,23,27.06,75.19,16.11,0,100.58,1.78,233.81,94
2019,12,24,26.98,73.25,15.5,0,100.64,1.62,97.12,91
2019,12,25,26.79,69.5,14.53,0,100.55,0.96,155.44,98
2019,12,26,26.65,73.44,15.32,0,100.6,2.04,150.62,82
2019,12,27,26.45,68.44,13.92,0,100.58,1.62,74.19,107
2019,12,28,25.55,65.19,12.7,0,100.61,1.14,154.88,140
2019,12,29,26.8,70.31,14.59,0,100.59,1.34,119.62,137
2020,1,1,27.01,62.69,13.12,0,100.88,3.66,46.81,80
2020,1,2,27.72,65.75,14.59,0.01,100.89,2.98,52.75,76
2020,1,3,26.79,69.06,14.71,0,100.82,2.54,83.19,91
2020,1,4,25.51,69.75,13.85,0,100.68,1.78,179.31,108
2020,1,5,26.25,62.31,12.39,0,100.65,1.84,64.88,110
2020,1,6,27.4,65,14.04,0.02,100.65,2.05,53.06,127
2020,1,7,28.83,64,15.01,0,100.52,2.16,93.06,91
2020,1,8,29.47,60,14.65,0,100.51,2.43,71.44,92
2020,1,9,29.34,58.88,14.16,0,100.43,1.89,91.75,111
2020,1,10,29.01,57.75,13.55,0,100.4,1.49,101.75,99
2020,1,11,28.44,65.69,15.01,0,100.43,1.94,239.94,100
2020,1,12,28.24,66.88,15.26,0,100.42,2.09,252.25,107
2020,1,13,27.81,59.44,12.82,0.05,100.44,1.26,80.44,98
2020,1,14,27.3,58,12.08,0,100.57,1.51,226.56,122
2020,1,15,27.07,57.62,11.66,0,100.58,2.09,112.5,117
2020,1,16,27.68,62.69,13.37,0,100.59,1.55,96.19,142
2020,1,17,28.62,64.12,14.47,0,100.64,1.77,117.25,122
2020,1,18,28.76,60.56,14.1,0,100.6,1.8,160.25,121
2020,1,19,28.94,56.88,13.24,0,100.64,1.65,119.88,111
2020,1,20,29.27,54.44,12.82,0,100.69,2.23,162.94,89
2020,1,21,29.31,52.56,12.15,0,100.8,2.23,93.25,90
2020,1,22,29.17,57.5,13.49,0,100.71,3.73,116.94,79
2020,1,23,28.64,57.5,12.88,0,100.62,3.57,124,62
2020,1,24,28.1,56.31,11.78,0,100.64,3.48,108.56,66
2020,1,25,28.15,63.25,13.92,0,100.52,4.49,125.69,53
2020,1,26,28.27,65.25,14.34,0,100.46,3.16,135.88,50
2020,1,27,27.65,67.94,14.77,0,100.48,4.3,142.31,52
2020,1,28,27.62,67.19,14.28,0,100.55,3.97,136.25,58
2020,1,29,28.19,64.19,14.04,0,100.66,2.91,138.88,62
2020,1,30,27.9,63.75,14.34,0.09,100.63,2.37,183.88,70
2020,1,31,28.25,53.81,12.15,0.15,100.71,1.76,127.88,78
2020,2,1,28.3,49.69,11.17,0,100.71,2.23,103.31,103
2020,2,2,27.95,49.25,10.62,0,100.84,1.51,159.44,110
2020,2,3,27.63,50.31,10.25,0,100.76,2.29,111.5,100
2020,2,4,28.43,52.44,11.66,0,100.66,3.34,104.94,85
2020,2,5,27.96,48.12,9.89,0,100.62,2.95,106.62,83
2020,2,6,27.36,50.81,10.5,0,100.7,1.95,137.81,92
2020,2,7,27.87,48.56,9.28,0,100.72,2.05,93.19,89
2020,2,8,29.13,51.62,12.33,0.02,100.7,1.58,110.25,114
2020,2,9,29.08,50.25,12.33,0.19,100.73,3.24,49.75,101
2020,2,10,29.14,52.31,12.82,0,100.73,2.57,125.81,101
2020,2,11,30.26,53.88,13.61,0,100.73,3.58,98.69,85
2020,2,12,29.81,58.25,14.16,0,100.71,5.32,123.25,58
2020,2,13,29.8,60.75,14.53,0,100.61,4.35,124.62,59
2020,2,14,29.12,64.5,15.2,0,100.51,4.45,141.88,62
2020,2,15,28.96,63.62,14.89,0,100.62,3.88,143.94,53
2020,2,16,29.93,61.69,15.08,0.05,100.7,2.91,133.81,59
2020,2,17,30.58,57.25,14.71,0.18,100.76,3.02,94.5,79
2020,2,18,30.31,45.12,11.47,0.01,100.78,3.26,65.56,84
2020,2,19,29.2,44.94,10.19,0,100.83,2.05,81,102
2020,2,20,29.7,44.38,10.5,0,100.77,2.12,73.31,117
2020,2,21,30.53,45.06,11.29,0,100.88,4.24,62.5,97
2020,2,22,29.37,45.81,10.74,0,100.97,4.05,70,73
2020,2,23,29.44,43.75,10.19,0,100.84,3.59,69.62,69
2020,2,24,29.2,43,9.83,0,100.69,2.11,91.62,99
2020,2,25,29.97,48.75,11.84,0,100.56,2.62,176.19,100
2020,2,26,30.51,52.44,13.31,0,100.57,2.8,87.56,89
2020,2,27,31.19,44.5,11.66,0,100.5,2.79,114.06,68
2020,2,28,29.98,45.31,11.05,0,100.5,2.7,126.69,85
2020,2,29,30.09,56.12,13.55,0,100.42,3.84,119.88,74
2020,3,1,30.53,58.56,14.65,0,100.46,3.49,120.06,63
2020,3,2,30.65,55.81,14.22,0.03,100.44,4.25,116.56,56
2020,3,3,30.97,50.06,13.18,0,100.44,4.52,112.44,55
2020,3,4,30.45,56.19,14.4,0,100.46,4.08,117.88,61
2020,3,5,30.48,57.44,14.71,0.01,100.5,4.71,123.12,57
2020,3,6,29.76,58.19,14.47,0,100.64,4.15,131.56,62
2020,3,7,30.96,57.38,14.83,0,100.58,3.14,154.25,67
2020,3,8,31.26,57.31,15.08,0,100.38,2.91,206.88,81
2020,3,9,31.3,60.81,16.36,0.08,100.26,3.65,182.56,81
2020,3,10,31.25,62.25,16.36,1.82,100.31,3.55,165.81,88
2020,3,11,30.23,61.5,15.87,0.06,100.54,5.23,138.25,75
2020,3,12,31.3,56.5,14.65,0.01,100.59,4.85,126,59
2020,3,13,31.02,59.94,15.44,0,100.63,4.37,134.5,54
2020,3,14,30.73,56.69,14.34,0,100.53,5.29,127.62,59
2020,3,15,31.13,55,13.92,0,100.49,5.84,121.12,56
2020,3,16,31.28,52,13.55,0,100.58,5.27,110.19,85
2020,3,17,31.16,52.06,13.67,0,100.63,5.1,115.44,80
2020,3,18,30.59,54.69,13.61,0,100.53,4.12,124.25,77
2020,3,19,30.46,57,14.34,0.03,100.54,5.48,127.75,58
2020,3,20,29.85,56.5,13.49,0.06,100.62,5.48,129,56
2020,3,21,30,59.62,14.16,1.15,100.63,4.77,125.44,60
2020,3,22,30.32,60.12,15.14,0.03,100.56,4.66,134.38,59
2020,3,23,30.13,60.38,15.08,0.68,100.49,3.95,140.12,52
2020,3,24,30.33,57.19,14.22,0,100.4,4.88,126.81,55
2020,3,25,30.68,57.81,14.77,0,100.31,5.56,123.81,60
2020,3,26,30.59,59.06,15.32,0,100.42,4.78,126.25,55
2020,3,27,30.8,58.44,15.38,0,100.46,3.77,136.19,53
2020,3,28,30.69,59.56,15.56,0.01,100.39,3.98,139.62,55
2020,3,29,30.76,56,14.47,0,100.36,5,137.31,46
2020,3,30,31.15,57.69,15.14,0,100.39,4.39,142.31,52
2020,3,31,31.25,59.56,15.93,0.04,100.39,3.91,138.12,54
2020,4,1,31.2,59.81,16.17,0.01,100.39,5.07,133.69,50
2020,4,2,31.23,56.62,15.01,0.05,100.44,5.56,125.62,53
2020,4,3,31.41,57.06,15.01,0,100.48,5.54,121,56
2020,4,4,31.59,56.88,15.26,0,100.49,5.74,113.44,54
2020,4,5,31.45,56.5,14.89,0,100.51,5.77,118.5,54
2020,4,6,31.51,53.88,14.47,0.04,100.46,4.59,127.12,55
2020,4,7,30.66,59.5,15.81,0.23,100.46,4.13,141.5,53
2020,4,8,30.44,64.19,16.66,0.78,100.51,4.2,130.12,58
2020,4,9,29.73,67.19,17.21,0.27,100.58,4.09,122.19,74
2020,4,10,31.12,60.88,16.54,0.02,100.63,4.27,121.62,67
2020,4,11,31.73,53.75,14.65,0.01,100.6,4.28,123.12,56
2020,4,12,31.19,60.88,16.6,5.52,100.49,3.38,117.75,62
2020,4,13,30.25,63.81,16.42,3.06,100.5,3.42,112.44,87
2020,4,14,31.37,57.5,15.5,1.03,100.53,3.58,97.12,107
2020,4,15,31.2,55.94,14.89,0.39,100.55,2.87,129.75,89
2020,4,16,30.83,57.5,15.44,0.15,100.46,3.7,128.94,69
2020,4,17,31.2,57.56,15.44,0.18,100.48,4.92,127.88,64
2020,4,18,31.37,57.75,15.2,0,100.55,3.47,127.5,65
2020,4,19,31.78,56.56,15.75,0,100.45,3.98,137.5,61
2020,4,20,32.28,54.31,15.14,0,100.46,4.36,130.25,59
2020,4,21,31.23,60.94,16.24,0,100.39,4.13,127.06,64
2020,4,22,31.01,63.56,17.21,0.06,100.38,4.17,132.88,55
2020,4,23,31.61,61.38,16.97,0.08,100.37,4.59,122.75,57
2020,4,24,31.01,62,17.03,0.88,100.4,2.58,114.12,86
2020,4,25,32.41,54.38,15.56,1.65,100.36,2.27,86.06,105
2020,4,26,31.87,59.19,16.54,4.63,100.42,2.92,130.19,85
2020,4,27,32.32,54.81,15.56,0.43,100.46,2.89,113.25,101
2020,4,28,32.52,53.38,15.44,0.13,100.42,3.35,195.88,86
2020,4,29,32.98,49.81,14.71,0.03,100.35,4.24,100.19,76
2020,4,30,33.12,48.75,14.47,0.21,100.38,4.2,115.69,65
2020,5,1,32.54,50.25,14.04,0,100.31,4.34,116.38,52
2020,5,2,32.25,55.31,15.38,0,100.22,4.05,130.75,54
2020,5,3,31.77,61.44,17.21,0.05,100.28,4.39,136.25,56
2020,5,4,31.69,61.94,17.46,0.76,100.36,3.55,145.75,47
2020,5,5,32.3,59.25,17.15,0.41,100.27,3.41,158,52
2020,5,6,31.7,61.06,17.27,0.01,100.27,3.91,155,42
2020,5,7,32.49,60,17.33,0.02,100.18,4.58,149.44,37
2020,5,8,32.46,61.81,17.94,0.74,100.18,4.23,154.62,34
2020,5,9,33.44,56.56,16.91,0.01,100.21,3.76,148.94,34
2020,5,10,32.96,55.94,16.36,0,100.27,4.11,153.31,38
2020,5,11,33.42,52.25,15.44,0,100.31,3.8,143.38,38
2020,5,12,33.7,52.25,15.87,0.02,100.26,3.2,130.94,56
2020,5,13,33.02,54.56,16.42,0.02,100.28,4.21,129.88,54
2020,5,14,33.3,54.44,16.6,0.07,100.24,4.1,125.56,60
2020,5,15,32.87,54.38,16.11,0.1,100.08,4.05,130.69,51
2020,5,16,30.96,64.06,17.64,10.08,100.07,2.34,123.62,56
2020,5,17,30.83,68.94,18.62,3.43,100.04,2.3,186.94,48
2020,5,18,30.92,68.94,18.74,0.54,100.04,2.73,218.25,61
2020,5,19,30.5,71.94,19.29,0.82,100.13,2.48,206.25,51
2020,5,20,30.86,70.56,19.04,3.68,100.15,2.83,235.5,66
2020,5,21,30.9,67.38,18.37,0.03,100.19,2.95,250.56,67
2020,5,22,30.55,71.44,19.29,0.89,100.16,2.96,220,67
2020,5,23,28.78,80.75,19.84,16.42,100.31,2.99,204.38,76
2020,5,24,29.25,79.12,19.59,17.86,100.47,2.38,206.62,77
2020,5,25,29.07,78.88,19.47,5.51,100.54,2.3,206.69,74
2020,5,26,29.87,73.81,18.98,3,100.49,2.23,233.31,89
2020,5,27,29.35,76.69,19.23,2.57,100.44,2.03,229.81,80
2020,5,28,28.48,83.5,20.14,13.74,100.43,1.95,219.5,80
2020,5,29,29.25,76.62,19.04,6.01,100.46,2.2,172.38,68
2020,5,30,29.08,76.56,18.86,3.3,100.59,1.06,171.94,90
2020,5,31,29.79,72.5,18.49,4.62,100.55,1.88,148.62,77
2020,6,1,29.07,79.31,19.59,18.43,100.51,1.51,211.81,92
2020,6,2,27.9,84.31,19.71,10.32,100.47,2.06,229.19,76
2020,6,3,28.83,77,18.68,3.18,100.37,1.77,211.25,88
2020,6,4,28.12,83.94,19.84,8.86,100.35,2.19,228.56,70
2020,6,5,28.37,80.69,19.17,3.3,100.36,2.67,244.69,81
2020,6,6,28.04,82.56,19.29,2.31,100.35,2.98,246.56,62
2020,6,7,28.16,79.06,18.49,1.92,100.29,2.29,248.62,74
2020,6,8,28.58,77.75,18.55,6.1,100.24,2.63,255.62,61
2020,6,9,28.9,78.69,19.35,1.87,100.24,2.74,232.94,64
2020,6,10,27.82,84.62,19.71,2.55,100.29,2.98,218.62,67
2020,6,11,27.76,82.94,19.17,3.27,100.21,2.7,237.38,87
2020,6,12,27.13,81.81,18.25,3.76,100.07,2.95,264.06,70
2020,6,13,27.98,85.69,20.14,18.26,100.05,3.08,238.38,64
2020,6,14,27.04,92.75,20.81,100.35,100.23,3.41,182.69,51
2020,6,15,27.01,91.19,20.32,143.31,100.43,2.37,166.88,62
2020,6,16,27.7,84.5,19.47,16.16,100.4,1.71,178.19,65
2020,6,17,27.37,88.06,20.02,54.23,100.34,1.82,270.19,117
2020,6,18,27.59,86.81,20.02,3.12,100.31,1.62,280.06,86
2020,6,19,27.66,88.5,20.51,6.61,100.29,1.91,243.25,100
2020,6,20,27.12,91.25,20.57,39.26,100.27,2.57,216.56,64
2020,6,21,27.38,88.25,20.14,2.06,100.17,1.8,226.75,63
2020,6,22,27.48,88,20.14,1.94,100.18,2.42,180,67
2020,6,23,27.88,85.94,20.08,0.33,100.26,1.98,202.25,62
2020,6,24,27.6,88.44,20.39,6.33,100.24,2.07,199.56,72
2020,6,25,26.89,90,19.9,7.01,100.25,2.48,208.75,85
2020,6,26,26.67,87.88,19.17,6.77,100.31,2.12,211.5,94
2020,6,27,26.68,88.62,19.35,3.6,100.26,2.84,213,51
2020,6,28,26.69,89.44,19.53,17.85,100.29,3.23,218.25,45
2020,6,29,25.73,92.5,19.17,65.57,100.29,3.26,218.94,59
2020,6,30,25.88,91,18.98,42.24,100.32,3.41,241.19,108
2020,7,1,25.98,86.12,18.07,3.76,100.26,2.71,252.12,101
2020,7,2,26.61,86.94,18.86,6.62,100.18,2.79,263.88,57
2020,7,3,26.73,91.06,19.96,18.2,100.33,3.61,235.56,52
2020,7,4,26.39,87.38,18.74,1.66,100.4,3.09,269.19,77
2020,7,5,26.78,88.06,19.35,22.36,100.19,2.1,269.38,80
2020,7,6,27.07,87.06,19.47,2.07,100.17,2.2,185.56,61
2020,7,7,26.6,89.19,19.35,0.46,100.38,2.66,149.62,52
2020,7,8,26.98,86.44,19.17,5.89,100.35,1.48,188.94,82
2020,7,9,26.79,88.38,19.47,11.37,100.19,1.86,243.94,104
2020,7,10,26.67,90.38,19.78,6.63,100.26,2.45,212.81,55
2020,7,11,26.81,88.25,19.41,2.67,100.25,2.08,227.81,68
2020,7,12,26.91,87.5,19.35,4.44,100.21,2.09,191.69,47
2020,7,13,27.01,88.19,19.59,8.29,100.26,2.84,220.38,54
2020,7,14,27.25,86.62,19.47,1.34,100.25,2.33,257.5,67
2020,7,15,27.23,87.81,19.84,4.05,100.17,1.56,260.62,57
2020,7,16,27.15,87.31,19.65,4.36,100.17,2.21,159.94,53
2020,7,17,26.94,87.69,19.47,0.73,100.27,2.21,146.31,42
2020,7,18,27.12,87.25,19.53,3.89,100.33,2,158.5,79
2020,7,19,28.12,81.62,19.23,2.44,100.21,1.72,207.94,113
2020,7,20,27.46,87.19,19.96,14.38,100.21,2.28,170.56,73
2020,7,21,27.34,84.62,19.17,2.4,100.3,1.69,152.06,84
2020,7,22,27.81,82.81,19.23,1.19,100.28,1.49,148.06,53
2020,7,23,27.61,84.44,19.35,32.66,100.27,2.47,163.81,73
2020,7,24,26.8,84.75,18.55,1.97,100.31,1.8,191.56,78
2020,7,25,26.76,86.88,19.04,3.77,100.31,2.11,186.56,100
2020,7,26,27.3,86.38,19.53,5.21,100.27,1.94,199.38,50
2020,7,27,27.51,86.12,19.71,7.51,100.18,2.15,202.81,64
2020,7,28,27.67,87.69,20.32,2.34,100.19,2.41,209.19,71
2020,7,29,27.38,88.75,20.2,2.22,100.22,2.95,258.12,62
2020,7,30,26.79,91.75,20.26,3.21,100.14,3.45,264.69,63
2020,7,31,26.33,92.94,20.08,33.43,100,4.8,246.81,57
2020,8,1,25.87,94.88,19.96,29.84,99.98,5.38,230.88,39
2020,8,2,26.51,90.69,19.71,14.5,100.03,5.8,217.81,37
2020,8,3,26.22,93.88,20.14,13.07,100.08,4.49,217.06,46
2020,8,4,26.77,90.75,20.02,0.74,100.11,3.33,237.75,54
2020,8,5,26.41,91.94,19.84,12.53,100.18,3.24,266.56,56
2020,8,6,25.56,93.5,19.23,25.9,100.18,4.02,245.62,55
2020,8,7,26.83,89.62,19.78,8.1,100.08,3.05,245.81,48
2020,8,8,26.4,92.06,19.9,21.83,100.17,3.75,249.81,52
2020,8,9,26.73,90.62,19.9,14.62,100.21,3.08,244.5,54
2020,8,10,26.64,92.25,20.14,10.54,100.31,3.66,233.75,49
2020,8,11,27.15,89.69,20.14,9.89,100.31,3.38,237.5,45
2020,8,12,26.99,92.06,20.57,13.11,100.38,3.51,209.25,62
2020,8,13,26.4,91.31,19.65,9.74,100.39,3.09,193.75,62
2020,8,14,25.88,91.94,19.23,8.42,100.36,2.51,189.31,74
2020,8,15,26.31,88.94,18.98,9.31,100.3,2.57,281.44,79
2020,8,16,26.68,89,19.47,3.2,100.25,2.42,261.44,82
2020,8,17,26,92.94,19.59,4.65,100.24,2.32,261.06,77
2020,8,18,25.82,93.19,19.47,2.85,100.2,3.04,240.81,71
2020,8,19,26.05,87.19,18.31,11.32,100.23,3.1,252.69,63
2020,8,20,26.48,87.81,18.98,5.72,100.26,2.26,265.62,84
2020,8,21,26.84,87.81,19.35,1.07,100.36,2.2,266.5,70
2020,8,22,27.02,89.31,19.9,4.89,100.37,2.79,225.75,61
2020,8,23,27.12,88.44,19.78,6.77,100.39,2.45,215.94,56
2020,8,24,27.19,87.44,19.65,0.13,100.41,2.52,257.25,65
2020,8,25,27.26,86.88,19.59,0.03,100.33,2.46,252.81,73
2020,8,26,27.51,89.12,20.45,0.11,100.23,3.27,249.06,63
2020,8,27,27.41,89.56,20.45,0.05,100.13,3.54,247,67
2020,8,28,27.08,89.81,20.14,0.2,100.06,2.91,238.44,60
2020,8,29,27.13,90.12,20.32,2.37,100.08,2.92,233.88,58
2020,8,30,27.4,87.94,20.02,2.55,100.09,2.55,229.69,55
2020,8,31,27.19,89.06,20.08,5.37,100.15,2.31,235.94,67
2020,9,1,27.29,86.06,19.41,5.9,100.21,2.01,252.06,107
2020,9,2,27.04,87.06,19.41,2.48,100.27,2.09,251,69
2020,9,3,27.72,85.25,19.78,2.61,100.29,1.64,253.25,62
2020,9,4,27.55,88.44,20.32,1.59,100.26,2.7,174.5,56
2020,9,5,27.97,84.06,19.71,0.06,100.22,1.62,202.88,73
2020,9,6,27.23,88.81,20.02,1.98,100.22,2.52,230.75,70
2020,9,7,26.64,90.75,19.84,0.78,100.29,2.59,268.5,71
2020,9,8,27.42,86.81,19.78,3.55,100.39,1.59,229.44,71
2020,9,9,27.85,84.5,19.65,4.88,100.32,1.51,188.69,76
2020,9,10,27.48,84.88,19.35,0.66,100.14,2.08,154.56,83
2020,9,11,26.96,87.56,19.41,3.78,100.28,2.4,205.88,59
2020,9,12,26.93,89.31,19.78,5.51,100.42,2.09,195.62,8
2020,9,13,26.62,89.75,19.53,3.93,100.42,2.06,190.5,7
2020,9,14,26.25,91.31,19.47,14.98,100.34,2.28,218.81,39
2020,9,15,26.53,88.44,19.1,1.83,100.34,2.72,234.88,61
2020,9,16,26.51,88.69,19.17,0.97,100.25,3.01,248.75,55
2020,9,17,26.14,93.5,19.96,11.34,100.05,3.82,246.19,50
2020,9,18,25.87,93.94,19.78,21.86,99.91,5.08,235.56,31
2020,9,19,25.87,94.12,19.71,38.04,100.27,3.73,180.06,46
2020,9,20,26.37,88.19,18.86,4,100.45,1.79,208.88,52
2020,9,21,27.38,85.38,19.35,2.04,100.32,1.61,198.56,82
2020,9,22,27.34,86.19,19.47,10.23,100.3,2.02,151.12,78
2020,9,23,27.2,86.19,19.29,4.01,100.38,1.94,168.94,63
2020,9,24,27.19,87.56,19.65,0.34,100.45,2.09,229.62,81
2020,9,25,26.26,90.06,19.17,5.55,100.44,2.2,265.56,83
2020,9,26,25.76,92.06,19.1,25.97,100.35,2.62,273.25,57
2020,9,27,25.28,92.75,18.74,28.81,100.22,2.67,228.5,59
2020,9,28,26.01,94.5,20.02,17.6,100.16,3.2,198.06,38
2020,9,29,25.99,93.06,19.59,4.91,100.32,2.47,229.81,47
2020,9,30,26.19,91.88,19.59,4.76,100.15,2.85,281.75,59
2020,10,1,26.38,91.94,19.84,5.86,100.11,2.48,274.69,60
2020,10,2,26.53,92.75,20.2,34.07,100.15,2,220.69,76
2020,10,3,26.51,92.62,20.14,8.74,100.3,2.63,226.75,75
2020,10,4,26.13,92.06,19.53,10.75,100.37,2.09,248,45
2020,10,5,26.01,91.12,19.17,10.95,100.27,2.57,265.44,50
2020,10,6,25.86,92.81,19.41,7.92,100.21,3.02,259.44,67
2020,10,7,26.11,92.38,19.65,6.3,99.99,3.12,269.62,63
2020,10,8,26.37,92.75,20.02,11.02,100.05,2.8,160.12,48
2020,10,9,25.95,93.38,19.65,35.98,100.17,2.23,194.94,58
2020,10,10,26.16,93.06,19.84,28.91,100.1,2.13,225.25,83
2020,10,11,25.86,93.31,19.59,9.18,100,3.26,227.12,50
2020,10,12,25.26,93.75,18.98,34.41,99.92,3.76,249.69,46
2020,10,13,25.89,94.06,19.84,21.37,99.95,2.72,233.94,58
2020,10,14,25.87,94.31,19.78,25.01,100.07,3.84,214.12,49
2020,10,15,26.26,93.12,20.02,23.28,100.05,3.55,218.94,51
2020,10,16,25.43,95,19.47,19.97,100,4.16,214.81,40
2020,10,17,25.57,94.69,19.53,15.46,100.07,4.07,213.88,37
2020,10,18,25.66,94.31,19.47,21.87,100.29,3.18,195.62,44
2020,10,19,25.99,90.75,19.1,7.16,100.3,1.8,215.12,56
2020,10,20,26.44,89.69,19.35,3.05,100.25,1.61,278.56,63
2020,10,21,26.28,92,19.71,11.4,100.23,2.44,196.38,56
2020,10,22,26.08,90.06,19.04,3.28,100.25,1.91,250.31,102
2020,10,23,26.38,89.06,19.1,3.94,100.33,1.91,250.88,70
2020,10,24,26.16,91.44,19.41,1.05,100.37,3.29,173.31,85
2020,10,25,26.07,91.31,19.29,9.62,100.4,2.8,240.88,70
2020,10,26,26.06,90.38,19.04,16.35,100.33,2.11,299.94,97
2020,10,27,25.13,91.88,18.37,3.08,100.19,3.05,308,87
2020,10,28,25.08,94.12,18.86,5.26,100.08,4.34,265.25,79
2020,10,29,25.26,94.62,19.1,32.98,100.37,2.7,209.12,58
2020,10,30,26.9,85.88,18.92,3.02,100.48,1.59,205.44,72
2020,10,31,27.62,85.31,19.53,8.28,100.44,1.69,133.56,78
2020,11,1,27.3,88.44,20.02,3.44,100.38,1.8,215.75,63
2020,11,2,26.85,83.75,18.37,0.05,100.47,1.23,106.38,63
2020,11,3,26.72,83.12,18.01,0.1,100.56,1.39,153.31,102
2020,11,4,26.73,86.31,18.8,0.24,100.52,1.62,231.25,97
2020,11,5,26.97,85.06,18.74,0.25,100.46,1.63,173.88,110
2020,11,6,26.69,89.94,19.65,5.43,100.47,1.91,233.56,87
2020,11,7,26.61,89.94,19.53,11.48,100.56,3.31,135.12,73
2020,11,8,26.67,83.56,18.13,0.56,100.5,1.44,204.88,81
2020,11,9,25.62,86.31,17.7,4.26,100.34,2.6,287.75,93
2020,11,10,24.4,91.06,17.46,5.49,100.15,4.89,302.19,83
2020,11,11,25.13,90.25,18.01,2.52,100.38,3.61,156.19,71
2020,11,12,26.45,88.12,18.92,0.84,100.47,2.3,129.81,100
2020,11,13,26.47,85.44,18.31,0,100.39,1.68,265.12,86
2020,11,14,26.43,83.81,17.88,0,100.34,1.52,231.38,80
2020,11,15,26.61,85.38,18.49,0.04,100.47,1.84,141.56,90
2020,11,16,26.94,86.25,19.04,1.02,100.44,2.36,84,90
2020,11,17,27.11,85,18.86,1.13,100.35,1.76,97.12,103
2020,11,18,27.44,84.12,19.04,0.33,100.31,1.55,108.44,84
2020,11,19,27.12,85.69,19.1,1.52,100.31,1.3,134.38,85
2020,11,20,26.84,87.12,19.1,1.78,100.33,2.14,105.5,68
2020,11,21,27.29,85.25,19.17,2.85,100.37,2.32,99.88,110
2020,11,22,26.98,81,17.76,0.99,100.47,1.35,122.94,92
2020,11,23,27.48,81.81,18.55,4.23,100.51,1.3,110,95
2020,11,24,26.46,83.75,17.88,0.07,100.48,2.26,72.75,95
2020,11,25,26.47,81.81,17.52,1.33,100.48,2.05,101.19,90
2020,11,26,25.9,81.69,16.85,0.46,100.55,1.95,32.94,90
2020,11,27,25.99,84.19,17.52,0.13,100.56,2.27,33.69,98
2020,11,28,25.96,87.06,18.19,7.04,100.46,2.15,87.94,72
2020,11,29,25.25,91.31,18.37,13.59,100.46,2.2,222.94,74
2020,11,30,25.46,89.94,18.25,9.63,100.46,2.52,117.62,75
2020,12,1,25.81,88.62,18.37,2.74,100.57,2.32,73.25,82
2020,12,2,26.17,83.56,17.58,0.46,100.54,2.2,54.44,72
2020,12,3,24.23,80.38,15.01,0,100.55,2.05,31.44,77
2020,12,4,23.28,78.94,13.85,0,100.57,1.77,176.94,88
2020,12,5,24.16,82.56,15.38,0.03,100.59,2.45,204.25,109
2020,12,6,24.95,82.69,16.24,0.25,100.57,2.15,122,80
2020,12,7,25.51,85,17.27,0.1,100.57,2.48,106.12,84
2020,12,8,25.15,86.38,17.15,0.28,100.56,2.37,251.12,90
2020,12,9,25.22,82.25,16.42,0.09,100.44,2.12,157.62,88
2020,12,10,25.83,84.31,17.46,0.77,100.42,1.7,118.88,108
2020,12,11,25.99,88.19,18.49,0.79,100.43,1.63,175.88,118
2020,12,12,26.24,86.31,18.37,1.42,100.36,0.68,213.81,92
2020,12,13,26.11,86.81,18.31,0.31,100.34,1.36,234.25,121
2020,12,14,26.44,88,18.92,1.74,100.37,1.95,99.19,66
2020,12,15,27.12,85,18.92,1.91,100.5,1.8,74.19,105
2020,12,16,26.97,84.62,18.68,0.45,100.51,1.98,47.62,90
2020,12,17,26.21,84.31,17.82,0.2,100.44,2.22,166.5,77
2020,12,18,25.69,84,17.27,0.06,100.46,2.52,133.12,65
2020,12,19,25.28,80.94,16.24,0,100.52,3.1,48.75,60
2020,12,20,22.81,78.62,13.55,0,100.62,4.42,66.19,58
2020,12,21,22.12,80.62,13.43,0.24,100.5,4.49,251.88,54
2020,12,22,21.81,86.56,14.16,3.31,100.37,5.55,343.56,58
2020,12,23,23,92.94,16.42,8.66,100.24,3.79,179.06,93
2020,12,24,24.75,90.94,17.7,8.23,100.35,2.91,102,103
2020,12,25,25.67,88,18.07,16.92,100.42,2.45,96.38,78
2020,12,26,26.5,84,18.01,0,100.46,1.34,162.44,72
2020,12,27,26.23,84.88,17.94,0,100.44,1.18,218.5,104
2020,12,28,25.56,82.88,16.85,0,100.38,1.61,238.62,93
2020,12,29,25.76,83.56,17.21,0,100.39,1.81,192.12,95
2020,12,30,24.66,85.19,16.48,0.12,100.5,2.42,63.5,75
2020,12,31,22.62,82.06,13.98,0.03,100.63,3.33,60.81,71
2021,1,1,22.52,82.38,13.98,0.42,100.66,2.82,112.69,61
2021,1,2,22.44,83.44,14.1,0.01,100.61,2.58,216.06,74
2021,1,3,25.03,80.56,15.87,0.01,100.51,1.56,168.69,85
2021,1,4,25.54,83.25,16.91,1.93,100.5,2.02,120.75,86
2021,1,5,25.59,86.44,17.58,4.31,100.5,2.33,34.81,78
2021,1,6,25.93,83.5,17.33,0.04,100.43,1.77,65.25,69
2021,1,7,26.37,79.81,16.97,0.16,100.37,1.65,49.88,81
2021,1,8,25.11,80.69,15.93,0.1,100.42,2.38,35.38,117
2021,1,9,24.12,78.75,14.65,0,100.48,2.5,68.5,96
2021,1,10,23.82,78.06,14.22,0,100.55,1.8,53.88,97
2021,1,11,23.79,79.06,14.4,0,100.64,2.59,76.12,98
2021,1,12,21.46,76.19,12.02,0,100.73,3.35,62.31,70
2021,1,13,20.82,75.62,11.54,0,100.69,1.81,244.62,109
2021,1,14,23.4,79,13.98,0,100.62,1.31,184.31,121
2021,1,15,23.87,80.38,14.59,0,100.49,0.93,141.25,112
2021,1,16,23.72,79.94,14.34,0,100.5,2.02,187.62,119
2021,1,17,23.46,78.75,13.92,0,100.66,2.91,39.12,85
2021,1,18,22.4,76.56,12.7,0,100.72,2.73,22.31,81
2021,1,19,22.17,75.06,12.39,0,100.66,1.5,186.62,153
2021,1,20,24.5,78.62,14.89,0,100.57,1.16,186.12,158
2021,1,21,24.92,83.81,16.36,0,100.49,1.46,220.81,125
2021,1,22,25.12,86.81,17.15,0.12,100.44,1.63,200.81,98
2021,1,23,25.19,85.56,16.97,0.01,100.5,1.57,181.81,94
2021,1,24,25.62,83.56,16.97,0,100.55,1.72,196.44,85
2021,1,25,25.64,82.44,16.72,0,100.51,1.85,140.25,101
2021,1,26,25.9,73.44,14.77,0,100.47,1.32,96.12,109
2021,1,27,26.07,77.25,15.99,0,100.45,1.67,139.75,114
2021,1,28,26.61,77.88,16.54,0,100.57,1.76,124.62,107
2021,1,29,24.79,71.62,13.73,0,100.65,2.01,63.94,108
2021,1,30,24.19,72.56,13.31,0,100.66,1.63,100.19,135
2021,1,31,25.07,78.19,15.32,0,100.69,1.69,127.44,120
2021,2,1,26.3,77,16.05,0,100.67,1.68,123.69,107
2021,2,2,25.27,72.19,13.85,0,100.71,1.27,87.81,98
2021,2,3,25.15,72.56,13.98,0,100.68,1.73,68.56,108
2021,2,4,25.8,69.44,13.79,0,100.72,1.63,45,115
2021,2,5,25.85,71.88,14.4,0,100.62,1.7,142.12,116
2021,2,6,26.58,71.94,15.08,0,100.5,1.59,97.25,115
2021,2,7,27.24,71.81,15.69,0.22,100.49,1.68,104,114
2021,2,8,27.21,77.12,17.03,0,100.48,1.02,206.81,96
2021,2,9,27.66,72.75,16.24,0.01,100.37,2.05,159.44,91
2021,2,10,27.25,76.88,16.91,0.81,100.38,1.23,156.5,64
2021,2,11,26.36,79.12,16.66,1.74,100.5,1.94,216.69,62
2021,2,12,25.98,74.06,14.95,0.04,100.63,2.59,212.5,66
2021,2,13,25.29,73.12,14.04,0,100.7,2.09,196.06,68
2021,2,14,24.86,71.94,13.37,0,100.73,2.66,172.44,63
2021,2,15,24.83,72.06,13.37,0,100.62,2.08,157.44,68
2021,2,16,24.93,73.06,13.61,0,100.58,2.82,121.81,67
2021,2,17,25.29,67.75,12.63,0,100.69,2.96,104.75,59
2021,2,18,25.03,63,11.78,0,100.86,2.17,78.19,94
2021,2,19,25.29,64.38,12.33,0,100.83,3.31,82,84
2021,2,20,24.67,63.31,11.54,0,100.78,2.12,77.56,88
2021,2,21,25.01,62.06,11.41,0,100.7,2.05,82.06,100
2021,2,22,25.3,66.69,12.39,0,100.63,2.34,96.81,73
2021,2,23,26.01,67.88,13.24,0,100.53,2.15,97.94,85
2021,2,24,26.9,68.69,14.34,0,100.43,2.22,213.81,73
2021,2,25,27.26,69.62,15.01,0,100.28,2.6,209.62,76
2021,2,26,27.71,70.19,15.5,0,100.18,2.52,181.88,80
2021,2,27,27.52,69.38,15.2,0,100.26,3.22,136.75,102
2021,2,28,28.24,67.81,15.26,0,100.37,4.7,131.12,59
2021,3,1,28.66,67.44,15.75,0,100.61,4.72,128.69,51
2021,3,2,28.86,66.88,15.69,0,100.57,3.69,109.56,60
2021,3,3,28.63,64.62,14.83,0,100.55,4.34,113.81,66
2021,3,4,28.99,62.12,14.34,0,100.6,4.52,110.12,68
2021,3,5,27.63,64.38,13.24,0,100.65,4.81,120.88,56
2021,3,6,27.81,64.75,13.61,0,100.67,3.42,116.81,64
2021,3,7,28.55,65.25,14.4,0,100.58,3.92,118.56,63
2021,3,8,28.71,60.94,13.67,0,100.63,3.69,98.12,87
2021,3,9,29.12,55.56,12.88,0,100.62,2.73,96.75,84
2021,3,10,29.53,55.81,13.37,0,100.58,2.74,100.31,86
2021,3,11,30.05,55.81,13.92,0,100.58,3.22,103.31,82
2021,3,12,30.14,51.81,12.7,0,100.61,2.86,94.31,74
2021,3,13,30.05,49.62,12.02,0,100.57,1.77,108.62,91
2021,3,14,29.29,56.62,13.06,0,100.45,2.44,159.25,99
2021,3,15,28.71,58.56,13.31,0,100.43,2.1,128.94,95
2021,3,16,28.88,62.31,14.34,0,100.4,2.92,138.44,79
2021,3,17,28.9,60.19,13.79,0,100.37,3.67,140.88,70
2021,3,18,29.4,60.06,14.1,0,100.3,4.31,133.38,60
2021,3,19,30.12,62.12,15.44,0,100.24,3.62,135.38,58
2021,3,20,30.33,62.12,16.05,0,100.16,3.66,138.38,48
2021,3,21,30.22,63.75,16.36,0.28,100.22,3.82,135.62,59
2021,3,22,31.33,53.75,14.04,0.15,100.36,3.51,84.44,78
2021,3,23,30.9,53.81,14.4,0.03,100.43,4.27,69.88,98
2021,3,24,31.86,51.88,14.28,0.28,100.27,3.78,86.5,77
2021,3,25,31.62,54.62,14.95,0.08,100.26,3.75,109,57
2021,3,26,31.33,55.88,15.01,0.04,100.26,4.98,110.81,61
2021,3,27,31,57.88,15.5,0,100.22,4.76,121.12,63
2021,3,28,30.91,57.56,14.77,0,100.21,4.92,134.56,57
2021,3,29,30.62,62.25,15.99,0,100.15,4.12,144.19,57
2021,3,30,30.65,59.12,15.44,0,100.08,3.4,174.56,74
2021,3,31,31.43,56.81,15.26,0,100,3.64,164.5,76
2021,4,1,31.12,58.75,15.81,0,100.05,3.66,161.5,73
2021,4,2,32.01,55.88,15.69,0.39,100.15,3.44,183.5,73
2021,4,3,30.85,61.5,15.99,3.02,100.19,4.91,134.44,67
2021,4,4,30.26,64,16.72,0.34,100.23,4.8,130.06,56
2021,4,5,31.07,55.5,14.28,0.06,100.35,4.1,112,86
2021,4,6,31.15,55.25,14.77,0.04,100.43,5.39,112.19,80
2021,4,7,31.9,53.62,14.59,0.01,100.4,3.37,125,96
2021,4,8,31.08,58.12,15.56,0.79,100.33,2.12,181.25,105
2021,4,9,30.05,64.5,16.42,3.67,100.35,2.72,155.88,96
2021,4,10,30.78,61.75,15.99,0.76,100.45,4.05,105.69,101
2021,4,11,30.67,60.25,15.81,0.37,100.58,5.37,111,70
2021,4,12,30.01,63.62,16.24,0.13,100.61,5.15,122.81,71
2021,4,13,29.92,68.25,17.33,0.89,100.54,4.18,137.19,65
2021,4,14,30.28,65.81,16.91,2.19,100.48,3.53,154.25,56
2021,4,15,27.71,80.19,18.43,9.02,100.44,2.75,173.31,85
2021,4,16,29.4,69.06,17.09,0.23,100.42,4.24,156.06,66
2021,4,17,30.22,62.31,15.62,3.09,100.53,2.68,137.5,81
2021,4,18,28.73,70.94,17.03,4.02,100.55,2.3,155.94,69
2021,4,19,28.55,74.06,17.64,5.14,100.4,2.48,196.62,67
2021,4,20,29.44,71.81,17.82,3.33,100.33,1.9,217.69,68
2021,4,21,28.18,80.56,19.1,2.79,100.37,2.27,228.19,66
2021,4,22,28.2,80.75,19.04,11.8,100.28,2.54,233.94,68
2021,4,23,27.33,85.19,19.23,8.12,100.29,3.43,239.62,79
2021,4,24,28.58,74.62,17.7,0.24,100.33,2.4,214.75,56
2021,4,25,28.55,77.88,18.68,2.43,100.36,2.63,219.5,51
2021,4,26,28.82,77.06,18.68,22.29,100.31,2.73,192,53
2021,4,27,27.37,85.38,19.35,38.59,100.49,2.62,151.31,58
2021,4,28,27.66,79.69,18.13,9.54,100.59,3.51,118.19,63
2021,4,29,28.08,76.06,17.58,0.01,100.49,3.72,118.81,72
2021,4,30,28.21,77.81,18.13,1.92,100.45,3.83,119.62,63
2021,5,1,27.5,84.5,19.23,7.19,100.48,2.88,121.56,54
2021,5,2,29.23,74.38,18.37,0.19,100.44,3.75,114.44,58
2021,5,3,29.59,70.44,17.46,0.01,100.29,3.45,112.81,61
2021,5,4,29.94,68.94,17.46,0.05,100.18,3.71,100.94,85
2021,5,5,28.75,73.69,17.88,5.28,100.2,4.09,108.69,65
2021,5,6,27.92,84.38,19.71,9.02,100.46,3.33,96,61
2021,5,7,29.12,75.31,18.43,1.77,100.43,1.68,104.88,84
2021,5,8,28.97,75.75,18.55,0.29,100.33,2.31,86.75,104
2021,5,9,28.99,77.44,18.92,7.57,100.25,2.41,138.19,58
2021,5,10,29.19,75.69,18.8,0.07,100.26,3.06,137.62,55
2021,5,11,29.5,75.12,18.86,0.89,100.22,2.95,136.19,46
2021,5,12,29.67,74.75,19.04,1.21,100.15,1.66,136.81,55
2021,5,13,30.22,67.81,17.7,0.34,100.1,3.33,137.56,53
2021,5,14,28.69,78.31,19.1,2.07,100.13,2.74,126.56,42
2021,5,15,29.05,79.25,19.71,3.2,100.18,3.13,134.94,70
2021,5,16,29.9,75.56,19.41,3.15,100.18,3.05,140,84
2021,5,17,27.82,88.62,20.75,46.14,100.27,2.52,153.31,43
2021,5,18,27.54,88.44,20.39,26.6,100.3,2.41,152.88,46
2021,5,19,27.99,86.44,20.39,3.76,100.25,2.59,170.12,78
2021,5,20,28.37,83.44,20.02,1.48,100.3,2.62,180.69,56
2021,5,21,27.8,88.81,20.69,14.81,100.3,2.69,218.75,68
2021,5,22,26.87,90.44,20.02,13.41,100.21,4.26,244.94,60
2021,5,23,26.47,92.12,19.96,47.51,100.16,4.07,248.81,57
2021,5,24,26.01,93.25,19.65,21.34,100.22,3.44,244.31,59
2021,5,25,26.3,91.25,19.53,23.33,100.28,3.02,260.5,75
2021,5,26,25.96,93.62,19.71,9.69,100.24,3.38,231.81,56
2021,5,27,26.97,87.62,19.41,6,100.3,2.12,212.25,75
2021,5,28,27.52,87.19,19.96,1.02,100.41,2.29,179.38,47
2021,5,29,27.88,86.69,20.26,0.07,100.39,2.61,191.62,48
2021,5,30,28.12,85.25,20.2,0.17,100.25,2.23,237.31,53
2021,5,31,28.09,86.06,20.39,0.02,100.12,2.83,253.44,60
2021,6,1,27.97,87.12,20.57,0.31,100.15,2.71,248.31,68
2021,6,2,27.7,88,20.45,3.47,100.18,2.18,228.62,75
2021,6,3,27.75,87.69,20.39,1.01,100.3,2.34,237.94,67
2021,6,4,28.48,85.19,20.57,0.13,100.26,2.24,247.56,67
2021,6,5,28.01,87.75,20.69,3.26,100.24,3.17,244.94,61
2021,6,6,27.33,89.94,20.45,3.18,100.26,3.3,247.25,56
2021,6,7,26.65,89.75,19.53,15.33,100.41,3.74,232.75,43
2021,6,8,26.25,89.25,18.98,12.59,100.42,3,222.81,53
2021,6,9,26.54,88.69,19.17,11.69,100.32,2.8,248.75,85
2021,6,10,26.22,90.94,19.41,19.36,100.2,4.04,255.88,54
2021,6,11,25.99,89.38,18.74,6.79,100.17,4.17,243.75,43
2021,6,12,25.79,90,18.68,23.4,100.26,4.96,245.69,42
2021,6,13,26.26,88.75,18.92,12.67,100.36,3.6,245.88,51
2021,6,14,27.21,85.81,19.23,2.93,100.31,3.34,242.88,50
2021,6,15,26.49,91.75,19.9,38.66,100.28,3.44,249.5,55
2021,6,16,26.51,84.69,18.19,0.16,100.41,3.19,278.44,62
2021,6,17,26.52,87.62,18.86,0.35,100.48,2.73,258.81,84
2021,6,18,26.71,89.06,19.47,0.13,100.49,2.59,255.81,77
2021,6,19,26.87,88.62,19.53,4.05,100.44,2.87,236.94,72
2021,6,20,27.08,88.56,19.78,8.75,100.33,3.7,235.31,54
2021,6,21,27.01,88.12,19.59,7.76,100.33,4.48,226.5,55
2021,6,22,26.87,89,19.65,19.2,100.38,3.59,224.44,56
2021,6,23,27.08,88.06,19.65,1.13,100.41,3.42,244.81,57
2021,6,24,27.01,88.44,19.65,1.61,100.31,3.09,253.5,73
2021,6,25,27.04,88.62,19.78,0.66,100.24,2.67,223.44,59
2021,6,26,26.95,88.5,19.59,0.01,100.37,2.4,201.88,54
2021,6,27,27.37,85.56,19.35,0.01,100.46,2.21,219.44,50
2021,6,28,27.47,85.88,19.53,0.2,100.36,2.84,232.44,54
2021,6,29,27.15,87.69,19.65,2.54,100.31,2.62,233.56,62
2021,6,30,26.34,89.25,19.1,7.95,100.37,2.72,248.19,63
2021,7,1,27.04,82.31,18.25,0.31,100.36,2.41,238.88,52
2021,7,2,27.54,84.5,19.29,0.05,100.35,2.65,240.31,51
2021,7,3,27.37,87.06,19.84,2.71,100.21,2.01,244.44,67
2021,7,4,27.15,91,20.51,0.27,100.17,2.59,217.06,61
2021,7,5,26.75,90.12,19.84,8.94,100.14,3.05,238.75,53
2021,7,6,26.23,90.5,19.35,34.85,100.11,3.17,259.31,57
2021,7,7,25.78,91.56,19.04,23.3,100.21,2.78,238.69,36
2021,7,8,25.89,92.5,19.35,31.8,100.23,3.93,219.81,48
2021,7,9,25.98,90.5,18.98,16.05,100.26,2.45,187.44,39
2021,7,10,26.84,86.19,18.98,1.1,100.23,2.83,160.12,31
2021,7,11,27.07,84.12,18.68,0.13,100.34,2.09,131.94,38
2021,7,12,26.55,88.88,19.29,1.19,100.35,2.64,137.56,54
2021,7,13,27.45,85.62,19.47,8.27,100.22,1.44,217.25,82
2021,7,14,26.44,90,19.41,21.8,100.21,2.16,204.12,64
2021,7,15,26.47,88.44,19.04,31.64,100.32,2.04,235.44,56
2021,7,16,26.65,86.81,18.86,3.02,100.4,3.06,258.81,40
2021,7,17,26.84,88.19,19.47,1.92,100.22,3.71,257.38,49
2021,7,18,26.57,90.88,19.78,6.44,100.16,4.45,253.12,43
2021,7,19,26.11,89.94,19.04,6.14,100.27,4.72,250.94,48
2021,7,20,26.83,87.81,19.29,4.54,100.36,4.41,251.19,48
2021,7,21,26.3,90.69,19.41,3.39,100.31,4.11,243.69,43
2021,7,22,27.04,88.62,19.71,2.09,100.23,4.35,246.62,44
2021,7,23,26.5,90.12,19.53,1.84,100.19,4.42,256.56,52
2021,7,24,26.7,87.38,19.1,3.51,100.2,5.87,246.62,49
2021,7,25,26.63,89.25,19.47,11.96,100.24,5.11,248.75,36
2021,7,26,26.97,89.5,19.96,4.89,100.13,4.54,253.38,38
2021,7,27,27.2,89.06,20.08,7.78,100.09,5.03,254.94,34
2021,7,28,26.65,90.69,19.9,11.98,100.07,4.63,253.44,43
2021,7,29,27.12,90.75,20.45,8.48,100.2,4.84,241.5,36
2021,7,30,26.87,89.88,19.84,5.15,100.3,5.05,237.5,31
2021,7,31,26.99,88.31,19.59,6.68,100.3,4.48,249.75,41
2021,8,1,27.05,87.88,19.59,4.22,100.18,5.1,249.88,40
2021,8,2,26.73,90.75,19.96,3.2,100.18,4.91,242.44,42
2021,8,3,26.75,90.5,19.9,3.25,100.25,5.05,245.56,45
2021,8,4,26.73,91.5,20.08,17.27,100.3,4.43,243.25,42
2021,8,5,26.86,89.31,19.71,2.32,100.3,4.66,242.88,36
2021,8,6,26.69,88.38,19.29,2.92,100.36,4.27,244.19,47
2021,8,7,27.15,88.25,19.84,0.12,100.35,4.26,251.44,49
2021,8,8,27.76,88.75,20.69,1.57,100.3,3.74,249.69,35
2021,8,9,27.76,89.75,20.94,8.31,100.19,3.61,240.88,42
2021,8,10,27.53,90,20.75,5.98,100.15,3.54,218.44,45
2021,8,11,27.36,90,20.45,5.96,100.39,3.33,190.06,42
2021,8,12,27.46,87.06,19.78,5.43,100.56,2.55,226.88,50
2021,8,13,26.86,89,19.65,4.42,100.36,3,246.94,49
2021,8,14,26.57,89.62,19.47,20.92,100.28,2.26,242.56,46
2021,8,15,26.65,86.19,18.68,0.85,100.45,2.11,273.75,60
2021,8,16,27.08,83.44,18.49,0.23,100.62,1.89,261.88,82
2021,8,17,27.89,80.44,18.49,1.17,100.49,1.62,117.94,71
2021,8,18,27.66,83.31,19.1,4.77,100.34,2.02,165.69,47
2021,8,19,26.85,86.88,19.1,8.7,100.32,2.45,222.44,54
2021,8,20,26.94,84.56,18.62,2.22,100.41,1.66,197.75,69
2021,8,21,27.3,84.81,19.1,1.79,100.41,1.94,222.25,73
2021,8,22,26.9,89.56,19.84,3.48,100.3,2.46,235.5,38
2021,8,23,26.49,90.38,19.53,3.44,100.3,2.81,232.62,53
2021,8,24,26.66,89.88,19.65,31.91,100.21,3.24,218.12,42
2021,8,25,26.17,90.06,19.1,32.54,100.25,3.33,231.62,27
2021,8,26,26.35,89.44,19.17,8.27,100.25,2.32,206.31,34
2021,8,27,26.48,87.19,18.8,6.36,100.24,2.43,246.88,49
2021,8,28,26.65,88.25,19.23,5.03,100.18,2.21,265.81,59
2021,8,29,26.47,89.44,19.35,13.69,100.16,2.79,227.62,56
2021,8,30,27.17,86,19.29,13.83,100.25,1.08,231.12,47
2021,8,31,26.86,87.94,19.35,20.35,100.33,1.55,174.06,48
2021,9,1,26.96,88.06,19.53,0.49,100.3,1.98,197.88,39
2021,9,2,26.9,88.25,19.47,7.83,100.27,2.38,195.25,39
2021,9,3,26.16,91.69,19.47,32.84,100.25,2.36,227.31,31
2021,9,4,25.71,90.81,18.8,14.76,100.29,4.44,248.75,36
2021,9,5,23.79,91.62,16.91,2.28,100.37,3.2,282.06,38
2021,9,6,26.13,88.44,18.68,2.26,100.36,1.79,278.81,44
2021,9,7,26.08,90.25,19.04,10.42,100.26,2.59,238.25,41
2021,9,8,26.51,90.31,19.59,8.54,100.18,2.89,216.94,33
2021,9,9,26.14,93.81,19.96,15.49,100.3,3.63,204.31,30
2021,9,10,26.11,93.69,19.9,8.69,100.31,3.34,228.5,33
2021,9,11,25.74,93.81,19.53,4.3,100.16,4.95,254.31,34
2021,9,12,26.55,90.19,19.65,5.4,99.95,5.55,264,33
2021,9,13,25.64,92.12,19.04,7.54,100.07,4.91,251.38,38
2021,9,14,25.61,91.75,18.86,23.85,100.39,2.27,216.19,40
2021,9,15,25.61,90.12,18.43,13.23,100.51,2.36,187.38,31
2021,9,16,26.18,87.62,18.55,0.62,100.44,1.88,159.31,44
2021,9,17,26.91,86.31,19.04,0.91,100.38,1.56,164.38,59
2021,9,18,26.44,89.5,19.29,1.88,100.35,1.92,157.38,59
2021,9,19,25.53,95.31,19.59,24.32,100.25,3.94,209.81,48
2021,9,20,26.08,87.38,18.37,4.36,100.35,2.32,227.38,39
2021,9,21,26.44,89.5,19.29,12.01,100.3,2.38,190.25,38
2021,9,22,26.3,88.62,18.98,8.79,100.31,2.28,231.19,44
2021,9,23,25.81,92.75,19.29,4.37,100.33,3.17,252.62,50
2021,9,24,26.21,90.5,19.23,11.12,100.32,2.7,233.19,42
2021,9,25,26.52,88.62,19.17,3.71,100.29,1.88,214.12,42
2021,9,26,26.44,88.75,19.17,0.25,100.27,1.49,124.62,58
2021,9,27,27.16,87.69,19.65,1.06,100.26,2.68,124.88,56
2021,9,28,27.78,84.69,19.65,0.69,100.27,1.63,140.56,68
2021,9,29,27.8,85.62,19.96,22.31,100.22,1.72,210.44,61
2021,9,30,26.99,88.94,19.78,35.42,100.31,2.25,226,47
2021,10,1,26.51,90,19.47,6.07,100.4,1.64,228.19,67
2021,10,2,26.12,91.19,19.29,24.6,100.46,2.48,241.44,56
2021,10,3,26.52,85.88,18.55,2.19,100.32,1.49,241.25,61
2021,10,4,27.1,86.31,19.35,19.34,100.17,1.42,238.88,81
2021,10,5,26.14,90.5,19.23,29.86,100.08,1.66,251,74
2021,10,6,25.78,91.62,19.1,20.32,99.92,2.12,246.69,64
2021,10,7,26.19,92.31,19.78,6.85,99.91,3.55,253.81,67
2021,10,8,26.4,94.06,20.39,14.47,99.93,4.38,237.75,47
2021,10,12,25.28,93.69,18.98,15.42,100.04,4.65,247.44,32
2021,10,13,25.51,93.88,19.35,14.28,99.87,4.74,240.19,35
2021,10,20,27.01,90.5,20.14,8.51,100.68,1.09,217.31,72
2021,10,21,26.17,91.5,19.41,7.4,100.62,2.23,138.56,70
2021,10,22,26.23,91.38,19.41,4.74,100.64,2.36,128.69,69
2021,10,23,27.2,86.69,19.41,2.44,100.65,1.5,143.75,78
2021,10,24,27.02,80.12,17.58,0.26,100.54,1.62,199,75
2021,10,25,27.08,82.75,18.37,3.71,100.43,0.95,164.88,72
2021,10,26,26.68,88.19,19.29,2.32,100.28,2.8,283.12,71
2021,10,27,26.53,90.56,19.65,8.39,100.25,3.42,251.69,82
2021,10,28,26.59,90.25,19.59,1.12,100.49,3.62,126.06,59
2021,10,29,27.2,86.25,19.23,2.03,100.59,2.23,111.62,53
2021,10,30,26.57,89.06,19.23,1.08,100.63,2.71,136.5,76
2021,10,31,26.35,91,19.47,1.2,100.62,2.51,105.75,64
2021,11,1,27.26,87,19.53,2.35,100.53,2.34,94.62,85
2021,11,2,27.39,84.69,19.1,1.75,100.5,1.88,101.25,52
2021,11,3,26.78,87.69,19.23,5.14,100.48,1.76,98.5,11
2021,11,4,26.54,87.38,18.86,0.36,100.44,2.19,139.88,14
2021,11,5,26.04,89.69,18.86,0.98,100.36,2.16,196.19,50
2021,11,6,26.88,88.25,19.47,6.12,100.19,2.61,120.56,64
2021,11,7,27.43,87.88,20.02,1.06,100.17,2.05,114.62,74
2021,11,8,27.04,88.75,19.78,1.97,100.26,2.89,109.5,55
2021,11,9,26.05,88.88,18.74,2.17,100.42,2.57,66.5,108
2021,11,10,26.58,83.5,18.01,7.33,100.43,2.17,55.12,71
2021,11,11,25.85,90.06,18.74,16.26,100.36,2.13,121.38,79
2021,11,12,26.17,90.44,19.23,7.78,100.42,2.48,104.94,59
2021,11,13,26.61,88.75,19.23,5.05,100.41,2.62,122,76
2021,11,14,26.26,88.12,18.74,7.34,100.45,1.73,151.81,77
2021,11,15,26.34,88.25,18.86,6.43,100.31,2.7,130.81,77
2021,11,16,25.82,92,19.17,9.19,100.33,2.59,139.56,81
2021,11,17,26.4,88.12,18.86,1.48,100.38,2.01,140.31,99
2021,11,18,26.16,89.44,18.98,1.9,100.28,1.98,127.19,96
2021,11,19,27.03,87,19.35,0.54,100.16,1.56,224.31,100
2021,11,20,27.08,89.19,20.02,2.39,100.16,1.43,245.12,103
2021,11,21,27.15,88,19.71,0.1,100.27,2.27,172,99
2021,11,22,26.23,92.88,19.84,8.21,100.35,3.23,111.5,66
2021,11,23,27.35,83.81,18.92,1.69,100.37,1.79,132.69,105
2021,11,24,25.58,90.06,18.49,5,100.47,1.53,182.69,97
2021,11,25,26.04,88.94,18.68,1.78,100.44,1.7,163.62,89
2021,11,26,25.74,85.38,17.58,0.05,100.39,1.48,184.75,85
2021,11,27,24.3,91.75,17.46,6.06,100.39,2.87,189.19,71
2021,11,28,25.14,90.75,18.13,1.57,100.33,2.48,144.75,72
2021,11,29,24.94,94.31,18.68,8.21,100.26,3.61,138.5,75
2021,11,30,25.02,95.31,18.98,7.69,100.39,2.73,123.75,57
2021,12,1,24.89,87.44,17.09,0.07,100.54,1.7,89.94,86
2021,12,2,24.88,81.44,15.87,0.05,100.64,1.38,152.19,109
2021,12,3,24.48,80.69,15.32,0.05,100.74,1.77,148.5,90
2021,12,4,22.59,81.06,13.73,0,100.73,1.94,159.38,106
2021,12,5,23.51,83.44,15.01,0,100.61,2.16,108.5,100
2021,12,6,24.76,81.12,15.62,0,100.58,1.83,105.31,95
2021,12,7,24.14,83.19,15.44,0,100.66,2.15,211.94,103
2021,12,8,24.86,81.56,15.87,0.04,100.66,1.35,138.75,123
2021,12,9,25.12,87.06,17.27,0.76,100.68,1.86,162.06,113
2021,12,10,24.39,81.75,15.38,0.04,100.66,1.91,130.56,86
2021,12,11,23.99,82.25,15.14,0,100.68,1.8,191.62,117
2021,12,12,25.95,80.75,16.78,0.02,100.62,1.44,145.69,126
2021,12,13,25.51,82.81,16.72,0.01,100.53,2.05,122.25,80
2021,12,14,25.62,83.19,16.97,0.12,100.41,1.41,187.94,80
2021,12,15,26.7,81.19,17.64,0.36,100.34,1.63,127.19,101
2021,12,16,27.4,81.88,18.49,0.29,100.39,1.46,114.81,85
2021,12,17,27.08,83.38,18.55,0.49,100.42,1.14,131.44,98
2021,12,18,24.53,84.69,16.17,0,100.45,2.12,111.5,89
2021,12,19,23.95,83.62,15.5,0.1,100.45,2.87,267.94,74
2021,12,20,24.45,84.69,16.05,0,100.63,1.66,148.75,100
2021,12,21,25.33,86.69,17.4,0,100.66,2,129.44,82
2021,12,22,25.66,87.06,17.76,2.02,100.58,1.74,97.31,85
2021,12,23,24.66,88.06,16.97,0.89,100.56,2.86,115.5,77
2021,12,24,25.31,85.56,17.09,0.02,100.54,1.64,110.69,95
2021,12,25,26.29,80.81,17.03,0.01,100.61,1.34,81.25,98
2021,12,26,26.51,80.38,17.15,0.25,100.7,1.14,129.88,101
2021,12,27,26.42,80.69,17.09,0.92,100.77,1.61,94.12,103
2021,12,28,25.58,84.62,17.15,0.48,100.69,2.87,128.19,84
2021,12,29,25.67,83.81,17.09,0.12,100.68,2.98,48.38,94
2021,12,30,25.49,81.38,16.36,0,100.77,2.98,79.81,53
2021,12,31,24.83,79.62,15.38,0,100.8,2.7,40.94,65
